ms;uA
10.0;408.5
20.0;2768.0
30.0;407.4
40.0;404.0
50.0;403.4
60.0;401.09999999999997
70.0;405.9
80.0;403.2
90.0;405.5
100.0;409.7
110.0;406.2
120.0;403.09999999999997
130.0;405.5
140.0;404.2
150.0;401.9
160.0;409.59999999999997
170.0;406.2
180.0;409.79999999999995
190.0;406.2
200.0;410.4
210.0;5171.0
220.0;400.09999999999997
230.0;408.29999999999995
240.0;402.9
250.0;407.29999999999995
260.0;403.5
270.0;402.79999999999995
280.0;409.09999999999997
290.0;409.5
300.0;402.59999999999997
310.0;403.79999999999995
320.0;401.9
330.0;406.59999999999997
340.0;400.79999999999995
350.0;406.09999999999997
360.0;404.0
370.0;405.7
380.0;405.59999999999997
390.0;403.59999999999997
400.0;10130.0
410.0;404.0
420.0;407.2
430.0;409.0
440.0;408.5
450.0;404.59999999999997
460.0;406.29999999999995
470.0;407.5
480.0;403.2
490.0;404.79999999999995
500.0;401.09999999999997
510.0;404.29999999999995
520.0;404.29999999999995
530.0;400.4
540.0;404.7
550.0;405.29999999999995
560.0;404.59999999999997
570.0;405.2
580.0;407.7
590.0;402.59999999999997
600.0;400.7
610.0;409.79999999999995
620.0;409.09999999999997
630.0;409.2
640.0;407.09999999999997
650.0;408.79999999999995
660.0;408.7
670.0;408.09999999999997
680.0;402.9
690.0;410.0
700.0;405.5
710.0;408.79999999999995
720.0;401.79999999999995
730.0;409.0
740.0;401.7
750.0;406.79999999999995
760.0;402.7
770.0;407.7
780.0;403.29999999999995
790.0;404.5
800.0;407.4
810.0;406.5
820.0;402.0
830.0;408.4
840.0;402.29999999999995
850.0;406.9
860.0;406.4
870.0;406.4
880.0;372.5
890.0;407.0
900.0;407.0
910.0;408.2
920.0;406.0
930.0;409.5
940.0;406.5
950.0;407.5
960.0;410.7
970.0;406.0
980.0;409.09999999999997
990.0;407.7
1000.0;411.4
1010.0;411.0
1020.0;412.5
1030.0;403.09999999999997
1040.0;408.79999999999995
1050.0;409.9
1060.0;404.5
1070.0;2780.0
1080.0;406.79999999999995
1090.0;407.2
1100.0;410.2
1110.0;409.7
1120.0;412.0
1130.0;409.9
1140.0;406.29999999999995
1150.0;406.59999999999997
1160.0;2782.0
1170.0;406.2
1180.0;407.2
1190.0;407.9
1200.0;411.4
1210.0;407.4
1220.0;404.59999999999997
1230.0;402.7
1240.0;404.29999999999995
1250.0;406.79999999999995
1260.0;407.9
1270.0;401.09999999999997
1280.0;407.09999999999997
1290.0;412.7
1300.0;403.4
1310.0;408.0
1320.0;408.5
1330.0;406.2
1340.0;404.4
1350.0;7783.0
1360.0;406.9
1370.0;408.59999999999997
1380.0;408.9
1390.0;406.9
1400.0;408.5
1410.0;406.0
1420.0;412.2
1430.0;408.59999999999997
1440.0;405.2
1450.0;10210.0
1460.0;407.7
1470.0;406.29999999999995
1480.0;408.9
1490.0;410.0
1500.0;408.9
1510.0;404.59999999999997
1520.0;403.59999999999997
1530.0;406.5
1540.0;402.59999999999997
1550.0;409.09999999999997
1560.0;403.9
1570.0;407.9
1580.0;409.29999999999995
1590.0;403.5
1600.0;409.2
1610.0;402.09999999999997
1620.0;409.59999999999997
1630.0;406.59999999999997
1640.0;408.9
1650.0;410.4
1660.0;405.4
1670.0;403.09999999999997
1680.0;407.7
1690.0;409.5
1700.0;408.09999999999997
1710.0;408.2
1720.0;406.7
1730.0;411.29999999999995
1740.0;10710.0
1750.0;404.0
1760.0;407.4
1770.0;408.4
1780.0;407.29999999999995
1790.0;406.2
1800.0;409.9
1810.0;402.7
1820.0;412.29999999999995
1830.0;406.2
1840.0;410.79999999999995
1850.0;410.29999999999995
1860.0;402.2
1870.0;409.5
1880.0;403.5
1890.0;410.09999999999997
1900.0;404.4
1910.0;402.5
1920.0;407.09999999999997
1930.0;407.2
1940.0;406.5
1950.0;411.0
1960.0;404.09999999999997
1970.0;408.0
1980.0;409.2
1990.0;400.5
2000.0;407.2
2010.0;407.59999999999997
2020.0;2787.0
2030.0;412.4
2040.0;408.09999999999997
2050.0;406.59999999999997
2060.0;406.9
2070.0;404.7
2080.0;412.4
2090.0;408.4
2100.0;406.7
2110.0;407.29999999999995
2120.0;10210.0
2130.0;402.59999999999997
2140.0;403.59999999999997
2150.0;407.4
2160.0;407.29999999999995
2170.0;404.7
2180.0;409.4
2190.0;410.2
2200.0;406.7
2210.0;407.59999999999997
2220.0;403.29999999999995
2230.0;410.5
2240.0;405.59999999999997
2250.0;403.5
2260.0;407.29999999999995
2270.0;403.79999999999995
2280.0;412.59999999999997
2290.0;406.9
2300.0;407.09999999999997
2310.0;405.9
2320.0;406.59999999999997
2330.0;403.5
2340.0;407.0
2350.0;405.79999999999995
2360.0;408.59999999999997
2370.0;405.4
2380.0;406.9
2390.0;407.09999999999997
2400.0;379.0
2410.0;408.59999999999997
2420.0;404.7
2430.0;405.9
2440.0;405.9
2450.0;404.59999999999997
2460.0;409.0
2470.0;405.79999999999995
2480.0;406.79999999999995
2490.0;406.5
2500.0;406.2
2510.0;406.4
2520.0;409.5
2530.0;405.79999999999995
2540.0;408.59999999999997
2550.0;406.7
2560.0;406.7
2570.0;411.09999999999997
2580.0;410.5
2590.0;407.7
2600.0;411.0
2610.0;408.5
2620.0;410.4
2630.0;406.5
2640.0;404.29999999999995
2650.0;408.09999999999997
2660.0;408.9
2670.0;406.09999999999997
2680.0;5464.0
2690.0;409.59999999999997
2700.0;411.09999999999997
2710.0;412.0
2720.0;410.29999999999995
2730.0;403.7
2740.0;403.5
2750.0;404.29999999999995
2760.0;407.9
2770.0;407.09999999999997
2780.0;411.59999999999997
2790.0;409.79999999999995
2800.0;407.29999999999995
2810.0;407.09999999999997
2820.0;405.09999999999997
2830.0;406.5
2840.0;408.2
2850.0;407.7
2860.0;409.2
2870.0;409.59999999999997
2880.0;409.09999999999997
2890.0;407.7
2900.0;404.2
2910.0;406.0
2920.0;406.29999999999995
2930.0;411.09999999999997
2940.0;409.59999999999997
2950.0;406.7
2960.0;406.29999999999995
2970.0;10230.0
2980.0;409.09999999999997
2990.0;406.9
3000.0;413.0
3010.0;410.4
3020.0;404.2
3030.0;408.29999999999995
3040.0;407.5
3050.0;409.0
3060.0;403.59999999999997
3070.0;10720.0
3080.0;405.5
3090.0;401.4
3100.0;406.9
3110.0;404.4
3120.0;406.09999999999997
3130.0;406.9
3140.0;403.4
3150.0;403.29999999999995
3160.0;407.29999999999995
3170.0;403.79999999999995
3180.0;404.4
3190.0;409.29999999999995
3200.0;406.7
3210.0;409.5
3220.0;405.09999999999997
3230.0;402.09999999999997
3240.0;409.4
3250.0;407.79999999999995
3260.0;5229.0
3270.0;404.5
3280.0;411.2
3290.0;411.09999999999997
3300.0;403.2
3310.0;405.0
3320.0;407.7
3330.0;403.5
3340.0;410.5
3350.0;10130.0
3360.0;403.4
3370.0;408.9
3380.0;408.0
3390.0;400.7
3400.0;407.4
3410.0;400.2
3420.0;408.0
3430.0;405.79999999999995
3440.0;404.4
3450.0;404.7
3460.0;409.79999999999995
3470.0;404.0
3480.0;406.5
3490.0;406.2
3500.0;408.2
3510.0;408.9
3520.0;409.0
3530.0;404.9
3540.0;408.9
3550.0;407.4
3560.0;406.59999999999997
3570.0;406.4
3580.0;408.5
3590.0;404.4
3600.0;405.7
3610.0;409.09999999999997
3620.0;409.7
3630.0;408.79999999999995
3640.0;403.9
3650.0;408.79999999999995
3660.0;404.29999999999995
3670.0;407.59999999999997
3680.0;411.2
3690.0;406.5
3700.0;404.4
3710.0;408.0
3720.0;407.0
3730.0;407.4
3740.0;410.2
3750.0;406.4
3760.0;405.79999999999995
3770.0;411.79999999999995
3780.0;404.2
3790.0;406.0
3800.0;409.2
3810.0;411.09999999999997
3820.0;400.7
3830.0;407.7
3840.0;406.59999999999997
3850.0;411.2
3860.0;404.2
3870.0;407.79999999999995
3880.0;405.79999999999995
3890.0;404.29999999999995
3900.0;406.59999999999997
3910.0;410.29999999999995
3920.0;404.09999999999997
3930.0;406.5
3940.0;407.79999999999995
3950.0;411.29999999999995
3960.0;408.2
3970.0;405.09999999999997
3980.0;404.9
3990.0;402.5
4000.0;409.79999999999995
4010.0;411.09999999999997
4020.0;403.29999999999995
4030.0;405.2
4040.0;409.29999999999995
4050.0;405.59999999999997
4060.0;406.59999999999997
4070.0;409.59999999999997
4080.0;409.7
4090.0;406.7
4100.0;409.29999999999995
4110.0;409.2
4120.0;408.0
4130.0;410.5
4140.0;400.5
4150.0;407.5
4160.0;405.59999999999997
4170.0;403.09999999999997
4180.0;407.09999999999997
4190.0;409.09999999999997
4200.0;404.29999999999995
4210.0;6111.0
4220.0;403.59999999999997
4230.0;401.9
4240.0;406.0
4250.0;406.5
4260.0;404.79999999999995
4270.0;410.4
4280.0;405.29999999999995
4290.0;404.0
4300.0;406.7
4310.0;403.4
4320.0;402.59999999999997
4330.0;400.4
4340.0;401.59999999999997
4350.0;404.2
4360.0;400.2
4370.0;401.09999999999997
4380.0;400.9
4390.0;402.2
4400.0;405.79999999999995
4410.0;402.5
4420.0;403.2
4430.0;400.2
4440.0;408.4
4450.0;409.09999999999997
4460.0;403.0
4470.0;407.29999999999995
4480.0;402.29999999999995
4490.0;409.79999999999995
4500.0;6936.0
4510.0;405.79999999999995
4520.0;403.2
4530.0;400.79999999999995
4540.0;406.4
4550.0;404.9
4560.0;404.59999999999997
4570.0;400.5
4580.0;403.4
4590.0;405.29999999999995
4600.0;403.59999999999997
4610.0;405.4
4620.0;404.4
4630.0;402.79999999999995
4640.0;404.4
4650.0;403.09999999999997
4660.0;407.4
4670.0;403.5
4680.0;408.7
4690.0;410.9
4700.0;409.59999999999997
4710.0;405.79999999999995
4720.0;408.5
4730.0;405.4
4740.0;405.4
4750.0;405.79999999999995
4760.0;406.0
4770.0;404.9
4780.0;400.7
4790.0;400.29999999999995
4800.0;398.59999999999997
4810.0;406.29999999999995
4820.0;403.0
4830.0;403.4
4840.0;407.79999999999995
4850.0;401.9
4860.0;406.0
4870.0;405.9
4880.0;10200.0
4890.0;409.0
4900.0;410.09999999999997
4910.0;405.2
4920.0;403.09999999999997
4930.0;405.09999999999997
4940.0;404.09999999999997
4950.0;405.7
4960.0;406.5
4970.0;403.2
4980.0;359.59999999999997
4990.0;403.7
5000.0;405.4
5010.0;412.5
5020.0;402.29999999999995
5030.0;404.79999999999995
5040.0;403.5
5050.0;400.4
5060.0;403.4
5070.0;10690.0
5080.0;408.2
5090.0;405.4
5100.0;406.0
5110.0;410.0
5120.0;404.09999999999997
5130.0;405.4
5140.0;408.59999999999997
5150.0;409.2
5160.0;400.2
5170.0;404.4
5180.0;412.0
5190.0;405.29999999999995
5200.0;402.2
5210.0;408.4
5220.0;405.79999999999995
5230.0;405.4
5240.0;405.2
5250.0;403.59999999999997
5260.0;5725.0
5270.0;406.5
5280.0;403.29999999999995
5290.0;405.59999999999997
5300.0;404.79999999999995
5310.0;405.7
5320.0;405.7
5330.0;405.59999999999997
5340.0;404.4
5350.0;406.7
5360.0;407.4
5370.0;408.9
5380.0;408.5
5390.0;406.9
5400.0;403.5
5410.0;409.0
5420.0;406.59999999999997
5430.0;405.2
5440.0;406.4
5450.0;10240.0
5460.0;407.4
5470.0;412.2
5480.0;407.59999999999997
5490.0;409.79999999999995
5500.0;411.2
5510.0;405.4
5520.0;404.9
5530.0;404.59999999999997
5540.0;407.09999999999997
5550.0;405.59999999999997
5560.0;403.2
5570.0;406.4
5580.0;405.5
5590.0;403.29999999999995
5600.0;410.7
5610.0;403.59999999999997
5620.0;406.7
5630.0;406.5
5640.0;410.7
5650.0;407.4
5660.0;409.09999999999997
5670.0;409.29999999999995
5680.0;406.79999999999995
5690.0;405.9
5700.0;408.79999999999995
5710.0;406.59999999999997
5720.0;405.79999999999995
5730.0;401.0
5740.0;408.0
5750.0;413.2
5760.0;406.59999999999997
5770.0;404.29999999999995
5780.0;409.2
5790.0;407.79999999999995
5800.0;410.0
5810.0;405.7
5820.0;406.79999999999995
5830.0;404.79999999999995
5840.0;407.09999999999997
5850.0;411.4
5860.0;407.59999999999997
5870.0;409.5
5880.0;408.9
5890.0;401.4
5900.0;413.0
5910.0;405.79999999999995
5920.0;2780.0
5930.0;409.5
5940.0;406.79999999999995
5950.0;407.29999999999995
5960.0;411.7
5970.0;410.9
5980.0;409.59999999999997
5990.0;404.7
6000.0;408.4
6010.0;407.29999999999995
6020.0;409.09999999999997
6030.0;408.29999999999995
6040.0;409.79999999999995
6050.0;412.79999999999995
6060.0;412.2
6070.0;407.4
6080.0;403.79999999999995
6090.0;407.29999999999995
6100.0;412.2
6110.0;10730.0
6120.0;409.0
6130.0;409.5
6140.0;406.4
6150.0;409.9
6160.0;405.59999999999997
6170.0;406.2
6180.0;403.9
6190.0;409.09999999999997
6200.0;408.2
6210.0;411.4
6220.0;405.5
6230.0;408.7
6240.0;407.09999999999997
6250.0;404.7
6260.0;407.7
6270.0;408.09999999999997
6280.0;411.7
6290.0;411.29999999999995
6300.0;3541.0
6310.0;407.9
6320.0;407.09999999999997
6330.0;411.0
6340.0;406.59999999999997
6350.0;411.4
6360.0;406.0
6370.0;410.5
6380.0;412.09999999999997
6390.0;406.7
6400.0;5165.0
6410.0;407.29999999999995
6420.0;408.09999999999997
6430.0;407.7
6440.0;411.2
6450.0;406.5
6460.0;406.0
6470.0;405.7
6480.0;404.29999999999995
6490.0;2772.0
6500.0;408.5
6510.0;404.0
6520.0;411.59999999999997
6530.0;403.59999999999997
6540.0;401.9
6550.0;406.9
6560.0;407.59999999999997
6570.0;406.29999999999995
6580.0;407.9
6590.0;406.5
6600.0;409.09999999999997
6610.0;406.4
6620.0;407.5
6630.0;402.59999999999997
6640.0;400.9
6650.0;404.7
6660.0;403.4
6670.0;406.9
6680.0;411.5
6690.0;403.7
6700.0;407.29999999999995
6710.0;407.59999999999997
6720.0;408.2
6730.0;409.09999999999997
6740.0;407.2
6750.0;410.7
6760.0;405.9
6770.0;403.09999999999997
6780.0;409.5
6790.0;405.59999999999997
6800.0;401.0
6810.0;402.59999999999997
6820.0;404.4
6830.0;404.7
6840.0;408.29999999999995
6850.0;410.09999999999997
6860.0;403.79999999999995
6870.0;2774.0
6880.0;409.5
6890.0;405.09999999999997
6900.0;403.2
6910.0;409.7
6920.0;406.59999999999997
6930.0;406.7
6940.0;407.5
6950.0;402.79999999999995
6960.0;409.79999999999995
6970.0;410.79999999999995
6980.0;408.9
6990.0;407.7
7000.0;408.59999999999997
7010.0;411.79999999999995
7020.0;410.7
7030.0;409.59999999999997
7040.0;406.9
7050.0;405.5
7060.0;2782.0
7070.0;405.59999999999997
7080.0;405.7
7090.0;411.2
7100.0;403.9
7110.0;404.7
7120.0;405.09999999999997
7130.0;410.59999999999997
7140.0;403.5
7150.0;409.5
7160.0;410.7
7170.0;410.5
7180.0;411.59999999999997
7190.0;408.4
7200.0;405.5
7210.0;407.9
7220.0;404.09999999999997
7230.0;408.09999999999997
7240.0;403.2
7250.0;408.9
7260.0;404.4
7270.0;410.9
7280.0;401.79999999999995
7290.0;405.79999999999995
7300.0;406.2
7310.0;406.0
7320.0;402.4
7330.0;407.29999999999995
7340.0;404.09999999999997
7350.0;407.59999999999997
7360.0;405.4
7370.0;406.59999999999997
7380.0;403.9
7390.0;400.7
7400.0;410.29999999999995
7410.0;407.5
7420.0;406.29999999999995
7430.0;404.79999999999995
7440.0;406.9
7450.0;10210.0
7460.0;405.29999999999995
7470.0;407.09999999999997
7480.0;410.79999999999995
7490.0;405.79999999999995
7500.0;408.0
7510.0;409.5
7520.0;410.09999999999997
7530.0;408.09999999999997
7540.0;408.9
7550.0;411.7
7560.0;410.4
7570.0;411.79999999999995
7580.0;409.79999999999995
7590.0;404.9
7600.0;406.59999999999997
7610.0;405.7
7620.0;409.4
7630.0;409.7
7640.0;408.29999999999995
7650.0;406.4
7660.0;409.2
7670.0;410.7
7680.0;406.2
7690.0;405.29999999999995
7700.0;412.79999999999995
7710.0;404.09999999999997
7720.0;406.59999999999997
7730.0;403.59999999999997
7740.0;2772.0
7750.0;410.0
7760.0;405.0
7770.0;404.2
7780.0;412.79999999999995
7790.0;405.5
7800.0;404.9
7810.0;407.29999999999995
7820.0;401.09999999999997
7830.0;405.79999999999995
7840.0;404.7
7850.0;404.09999999999997
7860.0;408.9
7870.0;406.5
7880.0;405.9
7890.0;405.4
7900.0;408.79999999999995
7910.0;405.79999999999995
7920.0;408.79999999999995
7930.0;10120.0
7940.0;404.29999999999995
7950.0;405.09999999999997
7960.0;403.2
7970.0;407.2
7980.0;408.79999999999995
7990.0;410.7
8000.0;409.0
8010.0;407.59999999999997
8020.0;8168.0
8030.0;406.5
8040.0;411.09999999999997
8050.0;407.7
8060.0;408.09999999999997
8070.0;403.09999999999997
8080.0;402.09999999999997
8090.0;407.79999999999995
8100.0;410.79999999999995
8110.0;410.4
8120.0;407.4
8130.0;404.7
8140.0;410.5
8150.0;404.9
8160.0;406.59999999999997
8170.0;403.2
8180.0;410.0
8190.0;410.7
8200.0;412.9
8210.0;6066.0
8220.0;410.09999999999997
8230.0;408.5
8240.0;411.79999999999995
8250.0;405.5
8260.0;408.5
8270.0;407.29999999999995
8280.0;405.9
8290.0;408.5
8300.0;403.7
8310.0;404.0
8320.0;409.9
8330.0;409.2
8340.0;408.79999999999995
8350.0;402.4
8360.0;403.2
8370.0;403.29999999999995
8380.0;404.79999999999995
8390.0;400.79999999999995
8400.0;408.9
8410.0;406.2
8420.0;409.29999999999995
8430.0;405.09999999999997
8440.0;408.9
8450.0;410.0
8460.0;404.29999999999995
8470.0;405.9
8480.0;407.5
8490.0;407.4
8500.0;406.9
8510.0;409.5
8520.0;406.2
8530.0;405.79999999999995
8540.0;407.0
8550.0;407.2
8560.0;404.4
8570.0;402.7
8580.0;400.2
8590.0;405.79999999999995
8600.0;403.79999999999995
8610.0;402.4
8620.0;406.09999999999997
8630.0;400.5
8640.0;408.4
8650.0;403.4
8660.0;403.09999999999997
8670.0;403.29999999999995
8680.0;404.29999999999995
8690.0;2772.0
8700.0;403.79999999999995
8710.0;406.79999999999995
8720.0;403.5
8730.0;403.0
8740.0;406.79999999999995
8750.0;406.09999999999997
8760.0;410.4
8770.0;408.59999999999997
8780.0;407.5
8790.0;5219.0
8800.0;403.09999999999997
8810.0;400.09999999999997
8820.0;404.9
8830.0;404.59999999999997
8840.0;403.29999999999995
8850.0;407.5
8860.0;402.0
8870.0;403.4
8880.0;9871.0
8890.0;406.59999999999997
8900.0;405.4
8910.0;402.29999999999995
8920.0;405.0
8930.0;408.79999999999995
8940.0;408.0
8950.0;403.79999999999995
8960.0;408.0
8970.0;403.59999999999997
8980.0;410.29999999999995
8990.0;403.2
9000.0;406.7
9010.0;407.9
9020.0;407.5
9030.0;400.2
9040.0;405.09999999999997
9050.0;406.09999999999997
9060.0;406.2
9070.0;411.9
9080.0;411.9
9090.0;403.29999999999995
9100.0;402.09999999999997
9110.0;409.09999999999997
9120.0;409.7
9130.0;410.2
9140.0;409.9
9150.0;405.5
9160.0;405.9
9170.0;412.09999999999997
9180.0;409.2
9190.0;404.5
9200.0;408.7
9210.0;409.7
9220.0;408.0
9230.0;408.09999999999997
9240.0;408.9
9250.0;406.4
9260.0;2778.0
9270.0;405.4
9280.0;407.29999999999995
9290.0;408.59999999999997
9300.0;411.0
9310.0;410.2
9320.0;406.2
9330.0;409.29999999999995
9340.0;404.2
9350.0;408.29999999999995
9360.0;6145.0
9370.0;409.09999999999997
9380.0;405.59999999999997
9390.0;405.59999999999997
9400.0;405.4
9410.0;410.29999999999995
9420.0;404.2
9430.0;401.09999999999997
9440.0;405.0
9450.0;408.29999999999995
9460.0;405.2
9470.0;404.4
9480.0;404.29999999999995
9490.0;406.5
9500.0;406.5
9510.0;403.59999999999997
9520.0;407.29999999999995
9530.0;409.59999999999997
9540.0;412.9
9550.0;5659.0
9560.0;407.09999999999997
9570.0;408.0
9580.0;407.9
9590.0;406.2
9600.0;408.5
9610.0;411.0
9620.0;412.59999999999997
9630.0;409.2
9640.0;404.59999999999997
9650.0;5673.0
9660.0;405.59999999999997
9670.0;401.9
9680.0;404.79999999999995
9690.0;405.5
9700.0;407.0
9710.0;408.2
9720.0;407.7
9730.0;404.4
9740.0;404.79999999999995
9750.0;406.7
9760.0;406.4
9770.0;406.2
9780.0;405.5
9790.0;403.59999999999997
9800.0;403.79999999999995
9810.0;405.5
9820.0;406.5
9830.0;406.9
9840.0;6512.0
9850.0;404.9
9860.0;409.79999999999995
9870.0;405.4
9880.0;402.9
9890.0;405.79999999999995
9900.0;405.2
9910.0;403.9
9920.0;409.29999999999995
9930.0;409.4
9940.0;407.29999999999995
9950.0;402.29999999999995
9960.0;407.0
9970.0;407.9
9980.0;410.5
9990.0;407.4
10000.0;410.09999999999997
10010.0;406.79999999999995
10020.0;407.2
10030.0;407.09999999999997
10040.0;409.59999999999997
10050.0;403.09999999999997
10060.0;404.4
10070.0;406.9
10080.0;404.09999999999997
10090.0;403.4
10100.0;411.59999999999997
10110.0;410.9
10120.0;9908.0
10130.0;407.5
10140.0;403.5
10150.0;408.59999999999997
10160.0;406.59999999999997
10170.0;402.09999999999997
10180.0;405.2
10190.0;407.2
10200.0;407.29999999999995
10210.0;409.29999999999995
10220.0;7214.0
10230.0;411.0
10240.0;404.2
10250.0;401.4
10260.0;409.79999999999995
10270.0;404.7
10280.0;408.9
10290.0;410.0
10300.0;404.4
10310.0;2782.0
10320.0;409.79999999999995
10330.0;409.2
10340.0;411.0
10350.0;412.7
10360.0;410.5
10370.0;405.79999999999995
10380.0;409.9
10390.0;405.2
10400.0;405.7
10410.0;6070.0
10420.0;406.7
10430.0;405.9
10440.0;406.9
10450.0;410.0
10460.0;406.9
10470.0;408.5
10480.0;409.2
10490.0;406.7
10500.0;408.0
10510.0;10010.0
10520.0;406.7
10530.0;401.5
10540.0;400.09999999999997
10550.0;402.09999999999997
10560.0;408.59999999999997
10570.0;407.7
10580.0;406.9
10590.0;407.59999999999997
10600.0;407.4
10610.0;402.9
10620.0;407.09999999999997
10630.0;405.09999999999997
10640.0;403.29999999999995
10650.0;408.59999999999997
10660.0;405.59999999999997
10670.0;407.59999999999997
10680.0;404.2
10690.0;404.9
10700.0;5271.0
10710.0;401.09999999999997
10720.0;404.9
10730.0;407.09999999999997
10740.0;402.59999999999997
10750.0;409.29999999999995
10760.0;409.2
10770.0;402.9
10780.0;406.9
10790.0;2773.0
10800.0;404.59999999999997
10810.0;405.59999999999997
10820.0;410.29999999999995
10830.0;409.79999999999995
10840.0;407.9
10850.0;411.2
10860.0;404.9
10870.0;401.59999999999997
10880.0;405.7
10890.0;6091.0
10900.0;404.9
10910.0;406.4
10920.0;406.09999999999997
10930.0;409.09999999999997
10940.0;402.79999999999995
10950.0;409.5
10960.0;406.79999999999995
10970.0;402.59999999999997
10980.0;5382.0
10990.0;408.09999999999997
11000.0;408.29999999999995
11010.0;404.59999999999997
11020.0;405.9
11030.0;407.0
11040.0;405.5
11050.0;405.9
11060.0;403.2
11070.0;3849.0
11080.0;407.4
11090.0;410.5
11100.0;405.79999999999995
11110.0;406.29999999999995
11120.0;407.09999999999997
11130.0;402.9
11140.0;408.7
11150.0;407.79999999999995
11160.0;404.09999999999997
11170.0;408.5
11180.0;406.0
11190.0;411.79999999999995
11200.0;407.29999999999995
11210.0;400.5
11220.0;408.0
11230.0;403.59999999999997
11240.0;403.29999999999995
11250.0;405.59999999999997
11260.0;406.79999999999995
11270.0;406.79999999999995
11280.0;400.7
11290.0;408.5
11300.0;403.5
11310.0;405.29999999999995
11320.0;408.4
11330.0;402.2
11340.0;404.79999999999995
11350.0;10200.0
11360.0;403.29999999999995
11370.0;408.2
11380.0;410.29999999999995
11390.0;407.0
11400.0;406.0
11410.0;408.59999999999997
11420.0;404.09999999999997
11430.0;405.29999999999995
11440.0;2108.0
11450.0;408.09999999999997
11460.0;404.5
11470.0;405.9
11480.0;410.09999999999997
11490.0;403.59999999999997
11500.0;407.59999999999997
11510.0;407.5
11520.0;412.4
11530.0;402.4
11540.0;403.59999999999997
11550.0;400.9
11560.0;403.09999999999997
11570.0;403.9
11580.0;401.79999999999995
11590.0;400.29999999999995
11600.0;400.7
11610.0;406.59999999999997
11620.0;402.2
11630.0;402.2
11640.0;400.9
11650.0;404.29999999999995
11660.0;410.2
11670.0;405.09999999999997
11680.0;407.7
11690.0;405.7
11700.0;409.0
11710.0;404.5
11720.0;10130.0
11730.0;402.59999999999997
11740.0;408.5
11750.0;411.5
11760.0;404.4
11770.0;408.59999999999997
11780.0;401.4
11790.0;403.29999999999995
11800.0;404.9
11810.0;2777.0
11820.0;402.5
11830.0;403.9
11840.0;401.09999999999997
11850.0;412.09999999999997
11860.0;406.4
11870.0;404.4
11880.0;411.79999999999995
11890.0;402.09999999999997
11900.0;411.5
11910.0;10240.0
11920.0;408.09999999999997
11930.0;403.29999999999995
11940.0;405.4
11950.0;410.7
11960.0;408.2
11970.0;406.7
11980.0;409.2
11990.0;404.0
12000.0;406.4
12010.0;402.79999999999995
12020.0;406.59999999999997
12030.0;402.09999999999997
12040.0;406.29999999999995
12050.0;406.0
12060.0;408.7
12070.0;405.59999999999997
12080.0;403.2
12090.0;403.5
12100.0;406.29999999999995
12110.0;408.4
12120.0;409.9
12130.0;405.9
12140.0;406.09999999999997
12150.0;405.79999999999995
12160.0;409.5
12170.0;409.29999999999995
12180.0;407.09999999999997
12190.0;406.09999999999997
12200.0;407.5
12210.0;407.79999999999995
12220.0;405.29999999999995
12230.0;410.29999999999995
12240.0;405.2
12250.0;401.29999999999995
12260.0;408.9
12270.0;405.2
12280.0;406.7
12290.0;406.29999999999995
12300.0;407.2
12310.0;402.5
12320.0;402.59999999999997
12330.0;408.7
12340.0;405.4
12350.0;403.79999999999995
12360.0;406.7
12370.0;403.0
12380.0;407.7
12390.0;401.7
12400.0;405.9
12410.0;406.59999999999997
12420.0;401.09999999999997
12430.0;409.79999999999995
12440.0;410.0
12450.0;410.29999999999995
12460.0;407.09999999999997
12470.0;406.09999999999997
12480.0;8246.0
12490.0;406.4
12500.0;408.0
12510.0;409.4
12520.0;403.79999999999995
12530.0;401.2
12540.0;408.2
12550.0;410.5
12560.0;413.0
12570.0;404.09999999999997
12580.0;408.29999999999995
12590.0;408.79999999999995
12600.0;401.9
12610.0;406.4
12620.0;403.5
12630.0;401.9
12640.0;405.4
12650.0;402.29999999999995
12660.0;403.4
12670.0;407.7
12680.0;404.4
12690.0;405.2
12700.0;407.59999999999997
12710.0;407.79999999999995
12720.0;405.09999999999997
12730.0;404.4
12740.0;406.29999999999995
12750.0;404.4
12760.0;405.29999999999995
12770.0;406.29999999999995
12780.0;405.79999999999995
12790.0;404.4
12800.0;403.29999999999995
12810.0;404.29999999999995
12820.0;403.59999999999997
12830.0;407.0
12840.0;406.9
12850.0;405.9
12860.0;402.29999999999995
12870.0;403.59999999999997
12880.0;406.7
12890.0;406.09999999999997
12900.0;409.09999999999997
12910.0;408.2
12920.0;410.4
12930.0;407.4
12940.0;412.7
12950.0;4643.0
12960.0;408.29999999999995
12970.0;409.79999999999995
12980.0;407.9
12990.0;403.9
13000.0;409.0
13010.0;404.09999999999997
13020.0;406.7
13030.0;403.79999999999995
13040.0;405.5
13050.0;413.9
13060.0;409.09999999999997
13070.0;408.59999999999997
13080.0;409.29999999999995
13090.0;404.59999999999997
13100.0;408.79999999999995
13110.0;404.29999999999995
13120.0;404.5
13130.0;407.59999999999997
13140.0;410.2
13150.0;405.09999999999997
13160.0;404.59999999999997
13170.0;405.09999999999997
13180.0;404.4
13190.0;413.0
13200.0;407.5
13210.0;408.0
13220.0;405.59999999999997
13230.0;413.5
13240.0;410.29999999999995
13250.0;407.59999999999997
13260.0;403.2
13270.0;403.0
13280.0;404.4
13290.0;405.59999999999997
13300.0;411.09999999999997
13310.0;402.29999999999995
13320.0;403.29999999999995
13330.0;10690.0
13340.0;402.79999999999995
13350.0;403.09999999999997
13360.0;400.29999999999995
13370.0;403.7
13380.0;405.2
13390.0;405.4
13400.0;407.5
13410.0;402.79999999999995
13420.0;406.59999999999997
13430.0;5639.0
13440.0;407.2
13450.0;400.5
13460.0;404.09999999999997
13470.0;406.59999999999997
13480.0;404.2
13490.0;401.2
13500.0;409.09999999999997
13510.0;409.79999999999995
13520.0;406.2
13530.0;406.7
13540.0;406.7
13550.0;410.09999999999997
13560.0;403.29999999999995
13570.0;403.59999999999997
13580.0;407.79999999999995
13590.0;404.5
13600.0;405.2
13610.0;400.59999999999997
13620.0;406.0
13630.0;404.2
13640.0;403.7
13650.0;403.09999999999997
13660.0;400.5
13670.0;404.0
13680.0;404.4
13690.0;398.79999999999995
13700.0;404.29999999999995
13710.0;402.0
13720.0;10120.0
13730.0;404.2
13740.0;403.7
13750.0;407.4
13760.0;402.4
13770.0;401.9
13780.0;404.0
13790.0;401.4
13800.0;403.29999999999995
13810.0;406.5
13820.0;409.0
13830.0;411.0
13840.0;406.0
13850.0;407.59999999999997
13860.0;401.09999999999997
13870.0;406.59999999999997
13880.0;408.7
13890.0;412.0
13900.0;403.0
13910.0;5165.0
13920.0;405.7
13930.0;407.79999999999995
13940.0;408.79999999999995
13950.0;412.09999999999997
13960.0;403.5
13970.0;403.59999999999997
13980.0;403.9
13990.0;407.4
14000.0;412.0
14010.0;406.9
14020.0;411.59999999999997
14030.0;405.29999999999995
14040.0;408.4
14050.0;406.5
14060.0;404.2
14070.0;405.79999999999995
14080.0;406.5
14090.0;409.79999999999995
14100.0;409.7
14110.0;408.79999999999995
14120.0;412.9
14130.0;407.29999999999995
14140.0;408.2
14150.0;405.09999999999997
14160.0;403.09999999999997
14170.0;404.4
14180.0;404.4
14190.0;2781.0
14200.0;403.4
14210.0;407.29999999999995
14220.0;404.09999999999997
14230.0;403.79999999999995
14240.0;406.0
14250.0;407.09999999999997
14260.0;410.0
14270.0;405.59999999999997
14280.0;2979.0
14290.0;405.7
14300.0;404.5
14310.0;406.0
14320.0;404.5
14330.0;403.79999999999995
14340.0;407.09999999999997
14350.0;404.9
14360.0;405.4
14370.0;405.9
14380.0;2775.0
14390.0;409.29999999999995
14400.0;402.5
14410.0;407.29999999999995
14420.0;403.4
14430.0;401.5
14440.0;411.5
14450.0;405.7
14460.0;400.09999999999997
14470.0;404.5
14480.0;12060.000000000002
14490.0;407.59999999999997
14500.0;408.59999999999997
14510.0;407.59999999999997
14520.0;404.5
14530.0;400.29999999999995
14540.0;402.2
14550.0;401.29999999999995
14560.0;403.59999999999997
14570.0;403.59999999999997
14580.0;401.09999999999997
14590.0;402.5
14600.0;408.7
14610.0;401.79999999999995
14620.0;401.4
14630.0;403.4
14640.0;407.0
14650.0;408.7
14660.0;404.5
14670.0;405.79999999999995
14680.0;402.29999999999995
14690.0;404.0
14700.0;402.4
14710.0;403.29999999999995
14720.0;411.0
14730.0;403.4
14740.0;403.5
14750.0;408.79999999999995
14760.0;408.7
14770.0;409.79999999999995
14780.0;409.7
14790.0;402.5
14800.0;404.59999999999997
14810.0;406.09999999999997
14820.0;402.5
14830.0;400.09999999999997
14840.0;407.5
14850.0;403.2
14860.0;10700.0
14870.0;407.5
14880.0;405.0
14890.0;405.4
14900.0;406.09999999999997
14910.0;405.59999999999997
14920.0;400.79999999999995
14930.0;405.2
14940.0;407.79999999999995
14950.0;405.79999999999995
14960.0;408.59999999999997
14970.0;409.4
14980.0;408.7
14990.0;405.79999999999995
15000.0;405.0
15010.0;407.0
15020.0;409.59999999999997
15030.0;404.7
15040.0;404.59999999999997
15050.0;409.09999999999997
15060.0;405.2
15070.0;405.9
15080.0;406.09999999999997
15090.0;405.7
15100.0;404.2
15110.0;402.9
15120.0;406.79999999999995
15130.0;408.0
15140.0;10100.0
15150.0;403.0
15160.0;406.7
15170.0;402.59999999999997
15180.0;406.0
15190.0;410.7
15200.0;406.4
15210.0;406.7
15220.0;408.2
15230.0;403.7
15240.0;408.29999999999995
15250.0;403.9
15260.0;403.59999999999997
15270.0;406.5
15280.0;402.29999999999995
15290.0;407.29999999999995
15300.0;406.59999999999997
15310.0;405.79999999999995
15320.0;402.79999999999995
15330.0;10390.0
15340.0;404.59999999999997
15350.0;401.2
15360.0;402.0
15370.0;407.0
15380.0;406.4
15390.0;405.59999999999997
15400.0;401.09999999999997
15410.0;405.79999999999995
15420.0;408.59999999999997
15430.0;10670.0
15440.0;402.79999999999995
15450.0;409.7
15460.0;409.59999999999997
15470.0;403.5
15480.0;407.5
15490.0;407.7
15500.0;406.9
15510.0;409.9
15520.0;3096.0
15530.0;407.7
15540.0;407.2
15550.0;406.7
15560.0;405.79999999999995
15570.0;407.4
15580.0;404.7
15590.0;407.09999999999997
15600.0;406.4
15610.0;404.59999999999997
15620.0;5315.0
15630.0;406.29999999999995
15640.0;409.29999999999995
15650.0;406.59999999999997
15660.0;405.59999999999997
15670.0;408.79999999999995
15680.0;402.09999999999997
15690.0;412.5
15700.0;405.4
15710.0;10110.0
15720.0;406.09999999999997
15730.0;404.79999999999995
15740.0;406.9
15750.0;406.2
15760.0;408.59999999999997
15770.0;404.9
15780.0;404.7
15790.0;408.2
15800.0;406.0
15810.0;411.59999999999997
15820.0;406.29999999999995
15830.0;408.29999999999995
15840.0;407.09999999999997
15850.0;406.7
15860.0;406.0
15870.0;407.09999999999997
15880.0;405.9
15890.0;408.4
15900.0;409.29999999999995
15910.0;400.59999999999997
15920.0;409.5
15930.0;409.0
15940.0;407.9
15950.0;402.5
15960.0;404.9
15970.0;412.4
15980.0;410.09999999999997
15990.0;6876.0
16000.0;402.9
16010.0;409.9
16020.0;410.9
16030.0;403.2
16040.0;412.0
16050.0;406.59999999999997
16060.0;408.79999999999995
16070.0;410.59999999999997
16080.0;405.7
16090.0;401.29999999999995
16100.0;404.5
16110.0;407.0
16120.0;404.2
16130.0;410.59999999999997
16140.0;402.5
16150.0;406.7
16160.0;408.7
16170.0;412.9
16180.0;3002.0
16190.0;405.5
16200.0;412.2
16210.0;412.9
16220.0;412.4
16230.0;412.29999999999995
16240.0;409.9
16250.0;404.59999999999997
16260.0;412.79999999999995
16270.0;408.9
16280.0;411.09999999999997
16290.0;413.09999999999997
16300.0;407.09999999999997
16310.0;405.79999999999995
16320.0;412.7
16330.0;407.4
16340.0;410.0
16350.0;405.5
16360.0;406.59999999999997
16370.0;2789.0
16380.0;407.7
16390.0;403.2
16400.0;406.4
16410.0;412.79999999999995
16420.0;405.7
16430.0;410.79999999999995
16440.0;408.4
16450.0;410.7
16460.0;409.09999999999997
16470.0;10270.0
16480.0;411.9
16490.0;405.5
16500.0;410.0
16510.0;405.9
16520.0;409.09999999999997
16530.0;404.7
16540.0;407.7
16550.0;407.5
16560.0;410.7
16570.0;407.4
16580.0;411.0
16590.0;408.7
16600.0;408.9
16610.0;407.2
16620.0;408.4
16630.0;406.7
16640.0;410.09999999999997
16650.0;408.0
16660.0;404.7
16670.0;409.7
16680.0;407.29999999999995
16690.0;407.0
16700.0;403.9
16710.0;411.79999999999995
16720.0;406.7
16730.0;410.79999999999995
16740.0;411.0
16750.0;413.29999999999995
16760.0;406.79999999999995
16770.0;410.5
16780.0;406.4
16790.0;405.5
16800.0;409.7
16810.0;408.0
16820.0;411.4
16830.0;408.79999999999995
16840.0;409.29999999999995
16850.0;5454.0
16860.0;408.09999999999997
16870.0;410.29999999999995
16880.0;407.79999999999995
16890.0;406.29999999999995
16900.0;405.4
16910.0;408.59999999999997
16920.0;406.9
16930.0;407.29999999999995
16940.0;10210.0
16950.0;400.7
16960.0;409.29999999999995
16970.0;408.9
16980.0;412.0
16990.0;406.59999999999997
17000.0;407.9
17010.0;407.59999999999997
17020.0;406.79999999999995
17030.0;409.9
17040.0;405.4
17050.0;408.79999999999995
17060.0;409.59999999999997
17070.0;406.09999999999997
17080.0;406.5
17090.0;407.5
17100.0;408.59999999999997
17110.0;407.2
17120.0;406.29999999999995
17130.0;8948.0
17140.0;409.09999999999997
17150.0;405.9
17160.0;408.0
17170.0;403.0
17180.0;404.59999999999997
17190.0;403.29999999999995
17200.0;404.0
17210.0;403.79999999999995
17220.0;403.4
17230.0;405.5
17240.0;404.29999999999995
17250.0;409.59999999999997
17260.0;408.79999999999995
17270.0;406.09999999999997
17280.0;408.4
17290.0;405.29999999999995
17300.0;404.09999999999997
17310.0;405.79999999999995
17320.0;406.79999999999995
17330.0;407.7
17340.0;411.79999999999995
17350.0;412.2
17360.0;404.2
17370.0;406.09999999999997
17380.0;411.79999999999995
17390.0;403.7
17400.0;406.2
17410.0;409.4
17420.0;410.59999999999997
17430.0;407.09999999999997
17440.0;401.79999999999995
17450.0;408.2
17460.0;406.7
17470.0;411.5
17480.0;403.0
17490.0;408.4
17500.0;2777.0
17510.0;403.7
17520.0;406.79999999999995
17530.0;406.4
17540.0;409.59999999999997
17550.0;405.4
17560.0;405.79999999999995
17570.0;404.59999999999997
17580.0;408.59999999999997
17590.0;411.7
17600.0;407.4
17610.0;412.4
17620.0;404.4
17630.0;411.29999999999995
17640.0;407.2
17650.0;407.4
17660.0;408.7
17670.0;403.5
17680.0;403.5
17690.0;4473.0
17700.0;407.9
17710.0;405.9
17720.0;405.9
17730.0;408.9
17740.0;406.5
17750.0;402.7
17760.0;402.2
17770.0;404.5
17780.0;406.79999999999995
17790.0;405.79999999999995
17800.0;402.59999999999997
17810.0;408.29999999999995
17820.0;406.5
17830.0;411.9
17840.0;405.09999999999997
17850.0;408.7
17860.0;410.2
17870.0;401.09999999999997
17880.0;412.4
17890.0;401.2
17900.0;405.5
17910.0;406.7
17920.0;409.59999999999997
17930.0;408.7
17940.0;406.09999999999997
17950.0;409.0
17960.0;407.59999999999997
17970.0;410.0
17980.0;409.59999999999997
17990.0;408.5
18000.0;406.79999999999995
18010.0;405.9
18020.0;412.9
18030.0;411.0
18040.0;411.29999999999995
18050.0;408.4
18060.0;409.9
18070.0;410.2
18080.0;403.7
18090.0;407.9
18100.0;404.09999999999997
18110.0;407.0
18120.0;408.09999999999997
18130.0;411.79999999999995
18140.0;406.59999999999997
18150.0;407.29999999999995
18160.0;404.9
18170.0;408.2
18180.0;405.59999999999997
18190.0;404.0
18200.0;405.5
18210.0;409.29999999999995
18220.0;406.5
18230.0;410.09999999999997
18240.0;405.29999999999995
18250.0;407.4
18260.0;4664.0
18270.0;408.09999999999997
18280.0;400.79999999999995
18290.0;404.0
18300.0;409.59999999999997
18310.0;408.29999999999995
18320.0;404.29999999999995
18330.0;408.4
18340.0;405.79999999999995
18350.0;406.2
18360.0;410.5
18370.0;405.2
18380.0;406.5
18390.0;403.9
18400.0;410.29999999999995
18410.0;408.9
18420.0;404.59999999999997
18430.0;409.29999999999995
18440.0;409.29999999999995
18450.0;407.29999999999995
18460.0;403.0
18470.0;405.9
18480.0;407.09999999999997
18490.0;405.2
18500.0;407.9
18510.0;407.9
18520.0;404.59999999999997
18530.0;400.4
18540.0;412.0
18550.0;405.4
18560.0;404.79999999999995
18570.0;409.5
18580.0;411.79999999999995
18590.0;406.2
18600.0;406.7
18610.0;408.2
18620.0;407.59999999999997
18630.0;407.59999999999997
18640.0;407.29999999999995
18650.0;7556.0
18660.0;403.4
18670.0;407.09999999999997
18680.0;403.7
18690.0;411.7
18700.0;403.9
18710.0;407.7
18720.0;406.4
18730.0;407.0
18740.0;406.09999999999997
18750.0;410.59999999999997
18760.0;401.4
18770.0;411.4
18780.0;408.9
18790.0;407.0
18800.0;406.7
18810.0;407.5
18820.0;407.4
18830.0;410.4
18840.0;10210.0
18850.0;403.29999999999995
18860.0;407.79999999999995
18870.0;404.2
18880.0;407.2
18890.0;408.59999999999997
18900.0;405.2
18910.0;400.09999999999997
18920.0;407.4
18930.0;403.09999999999997
18940.0;408.7
18950.0;404.4
18960.0;406.9
18970.0;407.7
18980.0;404.5
18990.0;406.5
19000.0;409.7
19010.0;413.0
19020.0;407.5
19030.0;6166.0
19040.0;408.09999999999997
19050.0;406.5
19060.0;401.0
19070.0;403.7
19080.0;400.29999999999995
19090.0;403.5
19100.0;407.59999999999997
19110.0;409.4
19120.0;408.7
19130.0;407.29999999999995
19140.0;408.9
19150.0;405.4
19160.0;411.0
19170.0;405.79999999999995
19180.0;405.9
19190.0;405.4
19200.0;406.29999999999995
19210.0;405.09999999999997
19220.0;408.0
19230.0;408.79999999999995
19240.0;401.29999999999995
19250.0;406.2
19260.0;409.7
19270.0;404.79999999999995
19280.0;409.09999999999997
19290.0;409.7
19300.0;406.2
19310.0;3093.0
19320.0;409.4
19330.0;412.0
19340.0;410.79999999999995
19350.0;410.7
19360.0;407.2
19370.0;406.9
19380.0;408.59999999999997
19390.0;409.59999999999997
19400.0;411.29999999999995
19410.0;2901.0
19420.0;406.5
19430.0;407.2
19440.0;406.7
19450.0;409.5
19460.0;409.7
19470.0;405.4
19480.0;408.5
19490.0;404.0
19500.0;410.9
19510.0;411.59999999999997
19520.0;412.2
19530.0;407.29999999999995
19540.0;406.4
19550.0;403.2
19560.0;407.9
19570.0;408.5
19580.0;406.09999999999997
19590.0;406.29999999999995
19600.0;404.79999999999995
19610.0;405.9
19620.0;407.29999999999995
19630.0;403.59999999999997
19640.0;408.59999999999997
19650.0;408.2
19660.0;408.5
19670.0;407.09999999999997
19680.0;408.7
19690.0;403.5
19700.0;405.5
19710.0;404.0
19720.0;405.29999999999995
19730.0;408.59999999999997
19740.0;401.2
19750.0;410.4
19760.0;407.7
19770.0;408.29999999999995
19780.0;406.0
19790.0;2773.0
19800.0;409.7
19810.0;407.0
19820.0;406.09999999999997
19830.0;406.0
19840.0;405.59999999999997
19850.0;400.09999999999997
19860.0;406.5
19870.0;404.59999999999997
19880.0;407.0
19890.0;409.4
19900.0;404.59999999999997
19910.0;406.29999999999995
19920.0;408.59999999999997
19930.0;408.59999999999997
19940.0;405.79999999999995
19950.0;408.5
19960.0;401.29999999999995
19970.0;409.4
19980.0;406.2
19990.0;409.4
20000.0;407.29999999999995
20010.0;403.09999999999997
20020.0;399.7
20030.0;406.5
20040.0;405.79999999999995
20050.0;404.0
20060.0;407.4
20070.0;405.0
20080.0;2775.0
20090.0;406.59999999999997
20100.0;409.4
20110.0;405.79999999999995
20120.0;407.4
20130.0;406.0
20140.0;401.09999999999997
20150.0;402.9
20160.0;408.7
20170.0;407.59999999999997
20180.0;7405.0
20190.0;407.7
20200.0;405.5
20210.0;402.5
20220.0;410.09999999999997
20230.0;405.09999999999997
20240.0;407.59999999999997
20250.0;408.59999999999997
20260.0;409.09999999999997
20270.0;10060.0
20280.0;406.4
20290.0;410.4
20300.0;408.59999999999997
20310.0;405.9
20320.0;404.29999999999995
20330.0;408.79999999999995
20340.0;411.59999999999997
20350.0;406.79999999999995
20360.0;410.0
20370.0;409.29999999999995
20380.0;400.4
20390.0;406.59999999999997
20400.0;408.59999999999997
20410.0;405.5
20420.0;406.7
20430.0;408.79999999999995
20440.0;403.7
20450.0;409.59999999999997
20460.0;405.9
20470.0;403.9
20480.0;407.4
20490.0;410.7
20500.0;405.9
20510.0;407.4
20520.0;411.7
20530.0;410.4
20540.0;408.9
20550.0;6699.0
20560.0;408.0
20570.0;407.4
20580.0;403.5
20590.0;409.4
20600.0;407.4
20610.0;406.7
20620.0;401.79999999999995
20630.0;410.7
20640.0;410.09999999999997
20650.0;406.59999999999997
20660.0;411.29999999999995
20670.0;409.09999999999997
20680.0;403.2
20690.0;406.5
20700.0;403.79999999999995
20710.0;402.7
20720.0;408.29999999999995
20730.0;409.09999999999997
20740.0;5381.0
20750.0;402.0
20760.0;407.5
20770.0;405.09999999999997
20780.0;411.7
20790.0;408.4
20800.0;412.7
20810.0;406.5
20820.0;407.0
20830.0;413.29999999999995
20840.0;411.9
20850.0;404.7
20860.0;411.4
20870.0;408.79999999999995
20880.0;410.9
20890.0;411.4
20900.0;411.09999999999997
20910.0;404.79999999999995
20920.0;408.79999999999995
20930.0;412.4
20940.0;407.4
20950.0;400.7
20960.0;411.09999999999997
20970.0;405.7
20980.0;410.09999999999997
20990.0;409.79999999999995
21000.0;407.5
21010.0;413.2
21020.0;412.4
21030.0;405.9
21040.0;409.79999999999995
21050.0;410.5
21060.0;411.59999999999997
21070.0;408.0
21080.0;406.0
21090.0;409.09999999999997
21100.0;408.29999999999995
21110.0;406.7
21120.0;2767.0
21130.0;408.29999999999995
21140.0;407.09999999999997
21150.0;409.4
21160.0;411.5
21170.0;409.09999999999997
21180.0;411.7
21190.0;411.4
21200.0;408.79999999999995
21210.0;408.9
21220.0;411.29999999999995
21230.0;404.09999999999997
21240.0;409.9
21250.0;407.9
21260.0;407.0
21270.0;406.9
21280.0;404.0
21290.0;403.09999999999997
21300.0;406.79999999999995
21310.0;406.5
21320.0;406.5
21330.0;403.4
21340.0;409.09999999999997
21350.0;404.59999999999997
21360.0;406.9
21370.0;404.79999999999995
21380.0;408.29999999999995
21390.0;408.2
21400.0;406.4
21410.0;408.2
21420.0;408.7
21430.0;407.9
21440.0;411.5
21450.0;412.59999999999997
21460.0;411.79999999999995
21470.0;413.7
21480.0;413.59999999999997
21490.0;400.79999999999995
21500.0;10720.0
21510.0;405.2
21520.0;407.9
21530.0;405.9
21540.0;405.2
21550.0;406.09999999999997
21560.0;411.9
21570.0;408.0
21580.0;405.79999999999995
21590.0;408.9
21600.0;5222.0
21610.0;405.9
21620.0;407.09999999999997
21630.0;410.9
21640.0;406.59999999999997
21650.0;408.59999999999997
21660.0;407.29999999999995
21670.0;408.7
21680.0;408.59999999999997
21690.0;408.7
21700.0;409.0
21710.0;409.09999999999997
21720.0;406.29999999999995
21730.0;406.9
21740.0;404.09999999999997
21750.0;405.79999999999995
21760.0;404.5
21770.0;405.2
21780.0;407.0
21790.0;408.0
21800.0;410.7
21810.0;406.9
21820.0;406.29999999999995
21830.0;409.09999999999997
21840.0;413.09999999999997
21850.0;404.4
21860.0;406.7
21870.0;407.79999999999995
21880.0;409.09999999999997
21890.0;413.79999999999995
21900.0;408.9
21910.0;406.5
21920.0;407.79999999999995
21930.0;404.2
21940.0;412.09999999999997
21950.0;407.29999999999995
21960.0;403.2
21970.0;401.59999999999997
21980.0;10730.0
21990.0;408.4
22000.0;410.2
22010.0;403.2
22020.0;406.0
22030.0;405.29999999999995
22040.0;407.79999999999995
22050.0;410.29999999999995
22060.0;411.9
22070.0;406.7
22080.0;412.79999999999995
22090.0;410.9
22100.0;405.0
22110.0;407.29999999999995
22120.0;409.79999999999995
22130.0;407.2
22140.0;407.09999999999997
22150.0;408.59999999999997
22160.0;405.9
22170.0;10240.0
22180.0;404.09999999999997
22190.0;406.4
22200.0;407.9
22210.0;410.59999999999997
22220.0;403.9
22230.0;404.09999999999997
22240.0;402.79999999999995
22250.0;410.2
22260.0;2779.0
22270.0;410.29999999999995
22280.0;409.4
22290.0;408.79999999999995
22300.0;410.0
22310.0;412.5
22320.0;412.7
22330.0;409.4
22340.0;407.0
22350.0;402.59999999999997
22360.0;10730.0
22370.0;410.2
22380.0;412.5
22390.0;415.0
22400.0;409.7
22410.0;409.5
22420.0;403.7
22430.0;410.9
22440.0;406.9
22450.0;411.0
22460.0;350.9
22470.0;408.29999999999995
22480.0;408.0
22490.0;407.59999999999997
22500.0;410.0
22510.0;406.0
22520.0;406.9
22530.0;406.7
22540.0;408.79999999999995
22550.0;405.29999999999995
22560.0;413.09999999999997
22570.0;409.59999999999997
22580.0;410.5
22590.0;408.4
22600.0;409.79999999999995
22610.0;407.0
22620.0;407.09999999999997
22630.0;403.79999999999995
22640.0;412.29999999999995
22650.0;2780.0
22660.0;409.9
22670.0;410.09999999999997
22680.0;406.2
22690.0;409.59999999999997
22700.0;409.2
22710.0;402.9
22720.0;405.7
22730.0;409.2
22740.0;404.5
22750.0;413.2
22760.0;408.5
22770.0;407.59999999999997
22780.0;403.9
22790.0;408.5
22800.0;412.0
22810.0;405.29999999999995
22820.0;405.9
22830.0;407.79999999999995
22840.0;5342.0
22850.0;407.4
22860.0;403.7
22870.0;405.09999999999997
22880.0;406.2
22890.0;409.9
22900.0;404.4
22910.0;401.09999999999997
22920.0;402.2
22930.0;406.09999999999997
22940.0;412.09999999999997
22950.0;405.5
22960.0;404.29999999999995
22970.0;408.2
22980.0;403.09999999999997
22990.0;400.59999999999997
23000.0;409.4
23010.0;403.2
23020.0;406.2
23030.0;409.5
23040.0;412.09999999999997
23050.0;405.2
23060.0;406.09999999999997
23070.0;407.7
23080.0;405.4
23090.0;408.09999999999997
23100.0;403.4
23110.0;406.4
23120.0;406.4
23130.0;407.9
23140.0;404.09999999999997
23150.0;406.0
23160.0;402.29999999999995
23170.0;411.4
23180.0;408.09999999999997
23190.0;407.79999999999995
23200.0;403.7
23210.0;408.79999999999995
23220.0;408.2
23230.0;10210.0
23240.0;409.59999999999997
23250.0;403.4
23260.0;402.29999999999995
23270.0;413.09999999999997
23280.0;403.7
23290.0;405.59999999999997
23300.0;407.79999999999995
23310.0;411.9
23320.0;409.79999999999995
23330.0;6139.0
23340.0;410.2
23350.0;406.9
23360.0;407.79999999999995
23370.0;405.4
23380.0;404.9
23390.0;405.9
23400.0;403.09999999999997
23410.0;407.79999999999995
23420.0;406.2
23430.0;412.7
23440.0;406.9
23450.0;408.0
23460.0;402.79999999999995
23470.0;406.7
23480.0;410.4
23490.0;400.29999999999995
23500.0;405.59999999999997
23510.0;403.7
23520.0;10730.0
23530.0;409.5
23540.0;406.79999999999995
23550.0;405.59999999999997
23560.0;402.59999999999997
23570.0;410.0
23580.0;403.2
23590.0;400.0
23600.0;402.29999999999995
23610.0;403.59999999999997
23620.0;410.0
23630.0;404.7
23640.0;404.4
23650.0;406.59999999999997
23660.0;408.4
23670.0;407.0
23680.0;405.5
23690.0;408.59999999999997
23700.0;408.9
23710.0;407.29999999999995
23720.0;406.2
23730.0;406.09999999999997
23740.0;403.29999999999995
23750.0;404.09999999999997
23760.0;405.2
23770.0;403.4
23780.0;407.09999999999997
23790.0;406.59999999999997
23800.0;407.4
23810.0;406.59999999999997
23820.0;406.0
23830.0;405.2
23840.0;406.59999999999997
23850.0;412.2
23860.0;400.9
23870.0;401.0
23880.0;406.2
23890.0;410.4
23900.0;409.2
23910.0;407.7
23920.0;401.79999999999995
23930.0;406.29999999999995
23940.0;405.7
23950.0;407.09999999999997
23960.0;404.2
23970.0;406.0
23980.0;406.4
23990.0;408.29999999999995
24000.0;406.4
24010.0;408.79999999999995
24020.0;402.9
24030.0;405.59999999999997
24040.0;411.7
24050.0;406.0
24060.0;406.5
24070.0;410.09999999999997
24080.0;404.59999999999997
24090.0;10670.0
24100.0;408.9
24110.0;405.79999999999995
24120.0;408.79999999999995
24130.0;406.29999999999995
24140.0;411.29999999999995
24150.0;404.09999999999997
24160.0;408.79999999999995
24170.0;401.4
24180.0;411.29999999999995
24190.0;401.79999999999995
24200.0;411.59999999999997
24210.0;404.2
24220.0;407.09999999999997
24230.0;409.79999999999995
24240.0;412.0
24250.0;406.29999999999995
24260.0;405.7
24270.0;407.7
24280.0;406.79999999999995
24290.0;406.5
24300.0;402.59999999999997
24310.0;405.9
24320.0;409.29999999999995
24330.0;406.79999999999995
24340.0;408.59999999999997
24350.0;412.09999999999997
24360.0;406.79999999999995
24370.0;6511.0
24380.0;408.9
24390.0;406.2
24400.0;408.59999999999997
24410.0;407.0
24420.0;404.2
24430.0;406.2
24440.0;404.09999999999997
24450.0;407.0
24460.0;405.29999999999995
24470.0;10110.0
24480.0;400.9
24490.0;401.7
24500.0;404.5
24510.0;402.9
24520.0;401.0
24530.0;403.5
24540.0;411.9
24550.0;405.9
24560.0;405.09999999999997
24570.0;410.0
24580.0;403.5
24590.0;406.2
24600.0;409.7
24610.0;408.0
24620.0;406.7
24630.0;403.0
24640.0;407.4
24650.0;408.5
24660.0;10200.0
24670.0;404.4
24680.0;403.7
24690.0;402.09999999999997
24700.0;404.4
24710.0;404.5
24720.0;401.79999999999995
24730.0;400.29999999999995
24740.0;404.5
24750.0;404.9
24760.0;412.09999999999997
24770.0;402.2
24780.0;405.4
24790.0;410.0
24800.0;401.9
24810.0;405.7
24820.0;406.79999999999995
24830.0;402.29999999999995
24840.0;401.2
24850.0;10270.0
24860.0;406.9
24870.0;402.9
24880.0;407.29999999999995
24890.0;407.09999999999997
24900.0;407.7
24910.0;405.2
24920.0;405.29999999999995
24930.0;403.4
24940.0;404.79999999999995
24950.0;409.79999999999995
24960.0;406.59999999999997
24970.0;404.79999999999995
24980.0;401.29999999999995
24990.0;411.9
25000.0;407.5
25010.0;404.5
25020.0;405.5
25030.0;410.79999999999995
25040.0;406.09999999999997
25050.0;411.9
25060.0;408.79999999999995
25070.0;404.4
25080.0;401.7
25090.0;405.4
25100.0;408.79999999999995
25110.0;405.4
25120.0;407.0
25130.0;401.4
25140.0;409.29999999999995
25150.0;411.59999999999997
25160.0;404.4
25170.0;405.79999999999995
25180.0;408.4
25190.0;406.5
25200.0;401.5
25210.0;405.5
25220.0;403.5
25230.0;406.59999999999997
25240.0;401.7
25250.0;403.5
25260.0;406.5
25270.0;407.29999999999995
25280.0;404.9
25290.0;410.2
25300.0;403.59999999999997
25310.0;407.09999999999997
25320.0;409.5
25330.0;410.7
25340.0;409.5
25350.0;404.79999999999995
25360.0;405.5
25370.0;400.29999999999995
25380.0;407.0
25390.0;405.2
25400.0;403.09999999999997
25410.0;410.4
25420.0;410.59999999999997
25430.0;405.5
25440.0;408.29999999999995
25450.0;404.59999999999997
25460.0;409.0
25470.0;403.79999999999995
25480.0;406.4
25490.0;405.5
25500.0;409.09999999999997
25510.0;406.5
25520.0;407.9
25530.0;401.7
25540.0;404.79999999999995
25550.0;406.79999999999995
25560.0;406.59999999999997
25570.0;403.29999999999995
25580.0;407.0
25590.0;405.9
25600.0;403.4
25610.0;403.09999999999997
25620.0;2772.0
25630.0;411.59999999999997
25640.0;403.9
25650.0;406.0
25660.0;407.5
25670.0;404.7
25680.0;407.2
25690.0;409.2
25700.0;410.9
25710.0;408.79999999999995
25720.0;409.79999999999995
25730.0;408.2
25740.0;406.7
25750.0;400.4
25760.0;404.29999999999995
25770.0;401.29999999999995
25780.0;403.29999999999995
25790.0;400.0
25800.0;401.7
25810.0;6882.0
25820.0;405.59999999999997
25830.0;410.29999999999995
25840.0;403.29999999999995
25850.0;405.9
25860.0;404.5
25870.0;400.2
25880.0;406.5
25890.0;405.2
25900.0;408.5
25910.0;407.09999999999997
25920.0;402.59999999999997
25930.0;403.79999999999995
25940.0;407.9
25950.0;410.29999999999995
25960.0;403.7
25970.0;402.4
25980.0;402.29999999999995
25990.0;405.59999999999997
26000.0;405.4
26010.0;407.9
26020.0;404.59999999999997
26030.0;405.7
26040.0;404.7
26050.0;401.0
26060.0;407.59999999999997
26070.0;411.7
26080.0;405.4
26090.0;401.09999999999997
26100.0;406.79999999999995
26110.0;405.7
26120.0;401.79999999999995
26130.0;402.4
26140.0;405.7
26150.0;406.9
26160.0;403.79999999999995
26170.0;401.29999999999995
26180.0;402.4
26190.0;409.09999999999997
26200.0;408.5
26210.0;402.5
26220.0;406.4
26230.0;406.79999999999995
26240.0;404.4
26250.0;407.9
26260.0;409.0
26270.0;407.79999999999995
26280.0;401.5
26290.0;6072.0
26300.0;402.09999999999997
26310.0;408.5
26320.0;405.59999999999997
26330.0;401.29999999999995
26340.0;405.7
26350.0;402.5
26360.0;404.59999999999997
26370.0;405.4
26380.0;404.09999999999997
26390.0;408.7
26400.0;405.29999999999995
26410.0;406.59999999999997
26420.0;406.59999999999997
26430.0;408.09999999999997
26440.0;403.09999999999997
26450.0;400.7
26460.0;407.2
26470.0;403.2
26480.0;408.5
26490.0;406.7
26500.0;409.29999999999995
26510.0;406.29999999999995
26520.0;407.29999999999995
26530.0;403.0
26540.0;406.9
26550.0;408.4
26560.0;405.5
26570.0;400.5
26580.0;404.09999999999997
26590.0;405.09999999999997
26600.0;405.79999999999995
26610.0;405.7
26620.0;400.2
26630.0;407.4
26640.0;407.59999999999997
26650.0;406.09999999999997
26660.0;401.4
26670.0;403.9
26680.0;6122.0
26690.0;406.79999999999995
26700.0;406.2
26710.0;403.9
26720.0;407.4
26730.0;409.2
26740.0;406.5
26750.0;409.9
26760.0;409.0
26770.0;411.4
26780.0;405.59999999999997
26790.0;406.59999999999997
26800.0;406.59999999999997
26810.0;407.79999999999995
26820.0;403.9
26830.0;403.29999999999995
26840.0;405.29999999999995
26850.0;402.9
26860.0;411.79999999999995
26870.0;10240.0
26880.0;405.09999999999997
26890.0;404.0
26900.0;404.0
26910.0;408.09999999999997
26920.0;408.29999999999995
26930.0;405.5
26940.0;407.2
26950.0;404.29999999999995
26960.0;404.4
26970.0;404.5
26980.0;404.5
26990.0;405.5
27000.0;405.29999999999995
27010.0;407.5
27020.0;406.9
27030.0;406.7
27040.0;401.79999999999995
27050.0;404.5
27060.0;408.9
27070.0;404.2
27080.0;404.59999999999997
27090.0;400.5
27100.0;402.09999999999997
27110.0;403.0
27120.0;406.59999999999997
27130.0;401.7
27140.0;405.2
27150.0;406.7
27160.0;406.4
27170.0;408.79999999999995
27180.0;410.29999999999995
27190.0;402.9
27200.0;411.4
27210.0;408.79999999999995
27220.0;401.2
27230.0;400.9
27240.0;406.9
27250.0;402.29999999999995
27260.0;409.9
27270.0;401.9
27280.0;404.5
27290.0;406.09999999999997
27300.0;401.59999999999997
27310.0;402.79999999999995
27320.0;404.7
27330.0;402.4
27340.0;404.9
27350.0;10700.0
27360.0;403.0
27370.0;408.7
27380.0;409.4
27390.0;404.5
27400.0;406.59999999999997
27410.0;404.59999999999997
27420.0;402.09999999999997
27430.0;407.09999999999997
27440.0;10120.0
27450.0;404.09999999999997
27460.0;401.29999999999995
27470.0;409.29999999999995
27480.0;401.59999999999997
27490.0;411.4
27500.0;402.4
27510.0;408.5
27520.0;405.7
27530.0;402.79999999999995
27540.0;408.4
27550.0;405.0
27560.0;401.29999999999995
27570.0;402.59999999999997
27580.0;405.59999999999997
27590.0;403.0
27600.0;404.09999999999997
27610.0;403.4
27620.0;404.5
27630.0;401.0
27640.0;406.4
27650.0;403.5
27660.0;405.59999999999997
27670.0;400.9
27680.0;403.29999999999995
27690.0;404.29999999999995
27700.0;404.7
27710.0;403.29999999999995
27720.0;400.5
27730.0;2765.0
27740.0;405.79999999999995
27750.0;405.29999999999995
27760.0;401.5
27770.0;406.7
27780.0;408.09999999999997
27790.0;407.79999999999995
27800.0;411.0
27810.0;402.29999999999995
27820.0;407.29999999999995
27830.0;406.7
27840.0;404.5
27850.0;408.4
27860.0;406.2
27870.0;411.79999999999995
27880.0;404.5
27890.0;405.7
27900.0;408.9
27910.0;405.9
27920.0;410.09999999999997
27930.0;402.2
27940.0;403.59999999999997
27950.0;404.4
27960.0;404.09999999999997
27970.0;408.79999999999995
27980.0;407.09999999999997
27990.0;404.79999999999995
28000.0;404.9
28010.0;403.2
28020.0;10120.0
28030.0;407.9
28040.0;405.09999999999997
28050.0;406.29999999999995
28060.0;406.0
28070.0;404.59999999999997
28080.0;405.2
28090.0;404.59999999999997
28100.0;406.0
28110.0;7919.0
28120.0;407.0
28130.0;406.09999999999997
28140.0;410.2
28150.0;407.0
28160.0;412.29999999999995
28170.0;407.0
28180.0;402.9
28190.0;405.7
28200.0;2776.0
28210.0;401.7
28220.0;406.59999999999997
28230.0;407.5
28240.0;411.7
28250.0;403.0
28260.0;402.79999999999995
28270.0;406.7
28280.0;402.4
28290.0;409.09999999999997
28300.0;407.09999999999997
28310.0;407.29999999999995
28320.0;410.79999999999995
28330.0;411.59999999999997
28340.0;409.9
28350.0;410.2
28360.0;408.79999999999995
28370.0;412.4
28380.0;410.7
28390.0;10220.0
28400.0;406.5
28410.0;402.2
28420.0;407.09999999999997
28430.0;406.0
28440.0;406.5
28450.0;407.2
28460.0;406.2
28470.0;404.7
28480.0;407.5
28490.0;405.5
28500.0;407.09999999999997
28510.0;411.59999999999997
28520.0;405.79999999999995
28530.0;405.9
28540.0;404.29999999999995
28550.0;404.4
28560.0;410.59999999999997
28570.0;405.79999999999995
28580.0;2779.0
28590.0;405.59999999999997
28600.0;406.59999999999997
28610.0;409.5
28620.0;402.4
28630.0;404.59999999999997
28640.0;404.9
28650.0;401.09999999999997
28660.0;408.4
28670.0;403.9
28680.0;408.7
28690.0;403.7
28700.0;406.29999999999995
28710.0;408.09999999999997
28720.0;401.79999999999995
28730.0;410.0
28740.0;408.79999999999995
28750.0;405.59999999999997
28760.0;409.5
28770.0;2770.0
28780.0;408.79999999999995
28790.0;410.2
28800.0;405.79999999999995
28810.0;410.29999999999995
28820.0;410.79999999999995
28830.0;409.4
28840.0;409.9
28850.0;410.0
28860.0;410.09999999999997
28870.0;407.7
28880.0;408.0
28890.0;411.79999999999995
28900.0;410.29999999999995
28910.0;403.7
28920.0;408.2
28930.0;409.0
28940.0;406.9
28950.0;409.0
28960.0;7469.0
28970.0;411.09999999999997
28980.0;406.5
28990.0;406.9
29000.0;410.4
29010.0;407.0
29020.0;409.9
29030.0;412.5
29040.0;403.59999999999997
29050.0;406.7
29060.0;350.0
29070.0;405.59999999999997
29080.0;405.2
29090.0;409.2
29100.0;407.2
29110.0;404.4
29120.0;404.2
29130.0;407.59999999999997
29140.0;411.9
29150.0;412.9
29160.0;409.5
29170.0;406.4
29180.0;402.0
29190.0;409.59999999999997
29200.0;408.2
29210.0;409.4
29220.0;404.5
29230.0;413.09999999999997
29240.0;404.79999999999995
29250.0;413.7
29260.0;403.59999999999997
29270.0;406.5
29280.0;409.7
29290.0;406.79999999999995
29300.0;409.79999999999995
29310.0;405.59999999999997
29320.0;410.9
29330.0;409.9
29340.0;10620.0
29350.0;408.7
29360.0;408.2
29370.0;406.5
29380.0;408.4
29390.0;408.2
29400.0;408.79999999999995
29410.0;413.2
29420.0;406.9
29430.0;403.5
29440.0;407.9
29450.0;412.09999999999997
29460.0;411.2
29470.0;407.4
29480.0;407.5
29490.0;411.29999999999995
29500.0;408.09999999999997
29510.0;405.9
29520.0;406.9
29530.0;405.7
29540.0;406.79999999999995
29550.0;409.59999999999997
29560.0;404.0
29570.0;409.5
29580.0;406.09999999999997
29590.0;408.5
29600.0;405.29999999999995
29610.0;409.2
29620.0;405.59999999999997
29630.0;10210.0
29640.0;412.9
29650.0;409.59999999999997
29660.0;413.79999999999995
29670.0;411.7
29680.0;409.59999999999997
29690.0;408.7
29700.0;407.2
29710.0;410.29999999999995
29720.0;412.2
29730.0;410.7
29740.0;407.59999999999997
29750.0;406.2
29760.0;413.09999999999997
29770.0;410.79999999999995
29780.0;407.09999999999997
29790.0;405.79999999999995
29800.0;410.7
29810.0;408.5
29820.0;408.5
29830.0;413.29999999999995
29840.0;406.5
29850.0;404.79999999999995
29860.0;405.5
29870.0;411.09999999999997
29880.0;407.0
29890.0;407.79999999999995
29900.0;404.4
29910.0;407.0
29920.0;5138.0
29930.0;406.5
29940.0;409.4
29950.0;407.9
29960.0;404.9
29970.0;411.0
29980.0;407.09999999999997
29990.0;406.2
30000.0;412.4
30010.0;10730.0
30020.0;408.0
30030.0;407.5
30040.0;406.9
30050.0;409.5
30060.0;407.2
30070.0;403.4
30080.0;401.9
30090.0;407.29999999999995
30100.0;405.4
30110.0;412.2
30120.0;405.79999999999995
30130.0;406.59999999999997
30140.0;407.4
30150.0;409.0
30160.0;402.9
30170.0;406.4
30180.0;408.4
30190.0;409.4
30200.0;409.09999999999997
30210.0;412.7
30220.0;410.4
30230.0;405.9
30240.0;407.2
30250.0;408.5
30260.0;409.5
30270.0;410.7
30280.0;408.5
30290.0;409.9
30300.0;6029.0
30310.0;406.79999999999995
30320.0;411.59999999999997
30330.0;412.5
30340.0;407.4
30350.0;402.9
30360.0;403.2
30370.0;404.4
30380.0;404.5
30390.0;405.7
30400.0;6052.0
30410.0;412.5
30420.0;406.7
30430.0;400.2
30440.0;402.7
30450.0;410.09999999999997
30460.0;406.5
30470.0;406.29999999999995
30480.0;405.9
30490.0;406.9
30500.0;402.0
30510.0;403.29999999999995
30520.0;407.9
30530.0;406.59999999999997
30540.0;406.29999999999995
30550.0;404.59999999999997
30560.0;407.29999999999995
30570.0;403.29999999999995
30580.0;409.59999999999997
30590.0;402.29999999999995
30600.0;400.2
30610.0;402.5
30620.0;403.4
30630.0;405.2
30640.0;407.29999999999995
30650.0;407.4
30660.0;407.59999999999997
30670.0;406.5
30680.0;407.59999999999997
30690.0;411.79999999999995
30700.0;402.09999999999997
30710.0;407.5
30720.0;403.7
30730.0;402.29999999999995
30740.0;405.79999999999995
30750.0;405.7
30760.0;404.9
30770.0;405.09999999999997
30780.0;2995.0
30790.0;404.09999999999997
30800.0;403.59999999999997
30810.0;403.9
30820.0;402.0
30830.0;408.59999999999997
30840.0;408.5
30850.0;408.9
30860.0;401.09999999999997
30870.0;409.5
30880.0;5526.0
30890.0;406.09999999999997
30900.0;403.29999999999995
30910.0;404.0
30920.0;408.29999999999995
30930.0;401.9
30940.0;408.2
30950.0;406.5
30960.0;405.9
30970.0;10090.0
30980.0;402.09999999999997
30990.0;407.4
31000.0;406.2
31010.0;407.7
31020.0;403.2
31030.0;403.2
31040.0;401.7
31050.0;411.7
31060.0;402.5
31070.0;10110.0
31080.0;405.59999999999997
31090.0;404.2
31100.0;408.5
31110.0;406.29999999999995
31120.0;404.5
31130.0;411.2
31140.0;406.79999999999995
31150.0;407.2
31160.0;406.09999999999997
31170.0;10720.0
31180.0;409.0
31190.0;407.09999999999997
31200.0;406.0
31210.0;404.4
31220.0;409.09999999999997
31230.0;410.2
31240.0;408.9
31250.0;409.2
31260.0;406.9
31270.0;5289.0
31280.0;408.59999999999997
31290.0;406.0
31300.0;407.0
31310.0;406.29999999999995
31320.0;405.29999999999995
31330.0;407.0
31340.0;411.7
31350.0;408.59999999999997
31360.0;411.0
31370.0;412.79999999999995
31380.0;411.7
31390.0;405.79999999999995
31400.0;412.09999999999997
31410.0;412.7
31420.0;407.09999999999997
31430.0;411.0
31440.0;406.4
31450.0;408.29999999999995
31460.0;2776.0
31470.0;404.29999999999995
31480.0;409.5
31490.0;407.9
31500.0;406.4
31510.0;408.59999999999997
31520.0;409.0
31530.0;407.9
31540.0;410.2
31550.0;406.29999999999995
31560.0;402.09999999999997
31570.0;409.29999999999995
31580.0;409.79999999999995
31590.0;410.59999999999997
31600.0;404.29999999999995
31610.0;412.9
31620.0;406.09999999999997
31630.0;404.4
31640.0;408.9
31650.0;406.59999999999997
31660.0;403.29999999999995
31670.0;403.79999999999995
31680.0;408.79999999999995
31690.0;409.4
31700.0;404.09999999999997
31710.0;403.5
31720.0;409.9
31730.0;406.5
31740.0;405.29999999999995
31750.0;5582.0
31760.0;405.9
31770.0;409.5
31780.0;407.5
31790.0;403.2
31800.0;404.59999999999997
31810.0;406.09999999999997
31820.0;407.59999999999997
31830.0;411.79999999999995
31840.0;10140.0
31850.0;410.9
31860.0;400.0
31870.0;410.7
31880.0;405.2
31890.0;410.5
31900.0;412.2
31910.0;409.59999999999997
31920.0;410.5
31930.0;403.7
31940.0;10220.0
31950.0;412.9
31960.0;406.29999999999995
31970.0;409.59999999999997
31980.0;411.79999999999995
31990.0;408.0
32000.0;407.0
32010.0;405.5
32020.0;401.2
32030.0;406.7
32040.0;10220.0
32050.0;407.59999999999997
32060.0;408.29999999999995
32070.0;406.4
32080.0;412.5
32090.0;412.79999999999995
32100.0;407.79999999999995
32110.0;408.59999999999997
32120.0;412.4
32130.0;410.7
32140.0;411.59999999999997
32150.0;412.2
32160.0;406.5
32170.0;406.7
32180.0;405.7
32190.0;412.4
32200.0;409.79999999999995
32210.0;406.4
32220.0;402.9
32230.0;410.59999999999997
32240.0;404.79999999999995
32250.0;406.59999999999997
32260.0;408.2
32270.0;406.9
32280.0;406.9
32290.0;405.59999999999997
32300.0;404.9
32310.0;409.09999999999997
32320.0;403.59999999999997
32330.0;410.09999999999997
32340.0;406.4
32350.0;409.59999999999997
32360.0;409.4
32370.0;410.09999999999997
32380.0;409.29999999999995
32390.0;405.79999999999995
32400.0;408.9
32410.0;407.29999999999995
32420.0;2772.0
32430.0;404.09999999999997
32440.0;402.2
32450.0;403.5
32460.0;409.59999999999997
32470.0;403.79999999999995
32480.0;405.09999999999997
32490.0;410.2
32500.0;408.7
32510.0;409.4
32520.0;411.5
32530.0;412.09999999999997
32540.0;406.7
32550.0;401.9
32560.0;409.79999999999995
32570.0;405.7
32580.0;410.0
32590.0;408.7
32600.0;407.29999999999995
32610.0;407.7
32620.0;407.7
32630.0;408.7
32640.0;409.9
32650.0;409.0
32660.0;408.79999999999995
32670.0;407.7
32680.0;409.5
32690.0;405.5
32700.0;410.79999999999995
32710.0;408.9
32720.0;409.2
32730.0;410.29999999999995
32740.0;408.79999999999995
32750.0;411.0
32760.0;412.0
32770.0;406.7
32780.0;407.7
32790.0;5900.0
32800.0;403.29999999999995
32810.0;410.5
32820.0;405.79999999999995
32830.0;406.29999999999995
32840.0;405.7
32850.0;405.2
32860.0;406.09999999999997
32870.0;402.59999999999997
32880.0;403.9
32890.0;5176.0
32900.0;406.4
32910.0;405.59999999999997
32920.0;406.29999999999995
32930.0;410.0
32940.0;411.29999999999995
32950.0;409.4
32960.0;405.79999999999995
32970.0;408.29999999999995
32980.0;407.29999999999995
32990.0;407.09999999999997
33000.0;407.9
33010.0;407.0
33020.0;411.7
33030.0;412.0
33040.0;411.0
33050.0;411.09999999999997
33060.0;405.9
33070.0;408.9
33080.0;407.0
33090.0;409.7
33100.0;410.0
33110.0;407.0
33120.0;405.09999999999997
33130.0;409.5
33140.0;407.9
33150.0;406.5
33160.0;410.9
33170.0;412.5
33180.0;10720.0
33190.0;412.29999999999995
33200.0;407.0
33210.0;403.2
33220.0;406.2
33230.0;407.7
33240.0;404.59999999999997
33250.0;406.5
33260.0;410.0
33270.0;5206.0
33280.0;410.5
33290.0;411.79999999999995
33300.0;406.0
33310.0;406.79999999999995
33320.0;409.09999999999997
33330.0;408.09999999999997
33340.0;404.79999999999995
33350.0;409.79999999999995
33360.0;408.9
33370.0;411.2
33380.0;406.9
33390.0;409.29999999999995
33400.0;410.5
33410.0;410.0
33420.0;410.4
33430.0;412.79999999999995
33440.0;404.29999999999995
33450.0;410.09999999999997
33460.0;410.29999999999995
33470.0;411.5
33480.0;407.7
33490.0;411.4
33500.0;410.2
33510.0;407.7
33520.0;408.2
33530.0;410.2
33540.0;407.29999999999995
33550.0;2780.0
33560.0;412.9
33570.0;412.29999999999995
33580.0;408.59999999999997
33590.0;409.79999999999995
33600.0;407.09999999999997
33610.0;408.79999999999995
33620.0;412.5
33630.0;405.5
33640.0;411.79999999999995
33650.0;412.79999999999995
33660.0;408.9
33670.0;410.0
33680.0;408.59999999999997
33690.0;408.5
33700.0;407.0
33710.0;408.79999999999995
33720.0;407.2
33730.0;403.4
33740.0;409.2
33750.0;406.09999999999997
33760.0;409.5
33770.0;403.7
33780.0;408.79999999999995
33790.0;401.5
33800.0;405.2
33810.0;404.4
33820.0;406.09999999999997
33830.0;6489.0
33840.0;405.5
33850.0;409.59999999999997
33860.0;406.5
33870.0;407.29999999999995
33880.0;407.4
33890.0;410.29999999999995
33900.0;407.4
33910.0;407.2
33920.0;406.0
33930.0;403.2
33940.0;409.2
33950.0;407.2
33960.0;407.2
33970.0;405.2
33980.0;406.9
33990.0;405.09999999999997
34000.0;408.09999999999997
34010.0;407.7
34020.0;409.9
34030.0;412.5
34040.0;406.9
34050.0;406.29999999999995
34060.0;407.5
34070.0;410.2
34080.0;413.0
34090.0;415.5
34100.0;404.5
34110.0;406.09999999999997
34120.0;412.7
34130.0;407.2
34140.0;407.2
34150.0;412.9
34160.0;407.2
34170.0;406.9
34180.0;406.09999999999997
34190.0;407.4
34200.0;409.0
34210.0;408.5
34220.0;412.5
34230.0;411.5
34240.0;410.5
34250.0;411.0
34260.0;412.79999999999995
34270.0;410.09999999999997
34280.0;405.5
34290.0;408.9
34300.0;410.0
34310.0;10710.0
34320.0;407.2
34330.0;411.29999999999995
34340.0;411.0
34350.0;409.59999999999997
34360.0;407.79999999999995
34370.0;406.5
34380.0;405.7
34390.0;409.09999999999997
34400.0;409.59999999999997
34410.0;408.79999999999995
34420.0;409.0
34430.0;411.2
34440.0;405.0
34450.0;404.9
34460.0;401.29999999999995
34470.0;409.09999999999997
34480.0;409.7
34490.0;409.0
34500.0;406.0
34510.0;405.79999999999995
34520.0;413.0
34530.0;408.0
34540.0;404.7
34550.0;404.9
34560.0;410.29999999999995
34570.0;405.4
34580.0;407.5
34590.0;411.4
34600.0;409.59999999999997
34610.0;408.79999999999995
34620.0;410.7
34630.0;409.5
34640.0;408.2
34650.0;406.2
34660.0;411.7
34670.0;404.5
34680.0;410.9
34690.0;11280.000000000002
34700.0;410.0
34710.0;403.9
34720.0;408.0
34730.0;409.9
34740.0;406.9
34750.0;406.59999999999997
34760.0;410.59999999999997
34770.0;402.7
34780.0;407.59999999999997
34790.0;413.2
34800.0;405.2
34810.0;406.09999999999997
34820.0;403.59999999999997
34830.0;405.5
34840.0;405.09999999999997
34850.0;403.7
34860.0;403.2
34870.0;406.29999999999995
34880.0;406.7
34890.0;403.0
34900.0;405.5
34910.0;402.79999999999995
34920.0;405.0
34930.0;404.09999999999997
34940.0;401.29999999999995
34950.0;407.09999999999997
34960.0;406.0
34970.0;409.5
34980.0;407.79999999999995
34990.0;406.7
35000.0;406.7
35010.0;405.5
35020.0;405.0
35030.0;408.4
35040.0;402.4
35050.0;403.7
35060.0;400.9
35070.0;403.29999999999995
35080.0;407.0
35090.0;409.59999999999997
35100.0;407.4
35110.0;402.09999999999997
35120.0;407.59999999999997
35130.0;404.59999999999997
35140.0;409.09999999999997
35150.0;407.29999999999995
35160.0;402.2
35170.0;8440.0
35180.0;407.79999999999995
35190.0;408.5
35200.0;400.5
35210.0;409.09999999999997
35220.0;409.59999999999997
35230.0;405.2
35240.0;403.5
35250.0;406.59999999999997
35260.0;402.2
35270.0;9972.0
35280.0;406.59999999999997
35290.0;409.0
35300.0;403.9
35310.0;407.5
35320.0;406.7
35330.0;405.79999999999995
35340.0;404.7
35350.0;400.59999999999997
35360.0;404.29999999999995
35370.0;401.09999999999997
35380.0;400.09999999999997
35390.0;401.79999999999995
35400.0;405.7
35410.0;404.09999999999997
35420.0;405.59999999999997
35430.0;404.29999999999995
35440.0;403.5
35450.0;404.9
35460.0;10220.0
35470.0;408.59999999999997
35480.0;406.2
35490.0;407.7
35500.0;409.2
35510.0;405.59999999999997
35520.0;409.5
35530.0;402.5
35540.0;403.29999999999995
35550.0;10200.0
35560.0;407.59999999999997
35570.0;402.79999999999995
35580.0;400.7
35590.0;403.9
35600.0;401.5
35610.0;401.4
35620.0;406.9
35630.0;402.4
35640.0;403.09999999999997
35650.0;405.9
35660.0;406.9
35670.0;411.59999999999997
35680.0;408.79999999999995
35690.0;407.9
35700.0;405.4
35710.0;409.09999999999997
35720.0;406.7
35730.0;408.0
35740.0;6348.0
35750.0;405.4
35760.0;403.9
35770.0;407.59999999999997
35780.0;402.4
35790.0;404.29999999999995
35800.0;408.7
35810.0;411.4
35820.0;404.0
35830.0;409.79999999999995
35840.0;408.2
35850.0;401.0
35860.0;407.59999999999997
35870.0;411.59999999999997
35880.0;403.59999999999997
35890.0;408.4
35900.0;410.7
35910.0;408.2
35920.0;408.79999999999995
35930.0;402.2
35940.0;407.7
35950.0;410.5
35960.0;402.2
35970.0;402.7
35980.0;406.9
35990.0;406.5
36000.0;409.79999999999995
36010.0;406.5
36020.0;407.09999999999997
36030.0;411.9
36040.0;409.7
36050.0;411.0
36060.0;409.5
36070.0;408.29999999999995
36080.0;410.0
36090.0;403.9
36100.0;408.79999999999995
36110.0;2776.0
36120.0;406.9
36130.0;408.7
36140.0;402.7
36150.0;408.0
36160.0;406.59999999999997
36170.0;410.4
36180.0;404.0
36190.0;403.9
36200.0;404.29999999999995
36210.0;404.0
36220.0;409.2
36230.0;403.9
36240.0;405.2
36250.0;401.7
36260.0;400.09999999999997
36270.0;402.09999999999997
36280.0;402.2
36290.0;403.59999999999997
36300.0;409.9
36310.0;403.59999999999997
36320.0;406.9
36330.0;404.0
36340.0;403.4
36350.0;403.59999999999997
36360.0;406.09999999999997
36370.0;408.29999999999995
36380.0;412.09999999999997
36390.0;2782.0
36400.0;409.0
36410.0;411.0
36420.0;402.29999999999995
36430.0;403.7
36440.0;406.5
36450.0;401.0
36460.0;404.29999999999995
36470.0;401.29999999999995
36480.0;409.5
36490.0;405.2
36500.0;405.2
36510.0;407.7
36520.0;405.4
36530.0;409.59999999999997
36540.0;400.7
36550.0;402.2
36560.0;410.29999999999995
36570.0;403.7
36580.0;403.0
36590.0;403.2
36600.0;405.7
36610.0;408.7
36620.0;408.2
36630.0;403.5
36640.0;405.29999999999995
36650.0;410.5
36660.0;407.09999999999997
36670.0;5526.0
36680.0;405.4
36690.0;405.5
36700.0;406.4
36710.0;403.9
36720.0;401.5
36730.0;404.2
36740.0;407.0
36750.0;405.79999999999995
36760.0;10270.0
36770.0;405.7
36780.0;406.4
36790.0;406.9
36800.0;408.09999999999997
36810.0;409.59999999999997
36820.0;403.7
36830.0;409.29999999999995
36840.0;409.59999999999997
36850.0;7636.0
36860.0;411.79999999999995
36870.0;409.29999999999995
36880.0;407.5
36890.0;408.5
36900.0;405.5
36910.0;408.2
36920.0;410.29999999999995
36930.0;402.29999999999995
36940.0;410.0
36950.0;410.7
36960.0;404.2
36970.0;407.2
36980.0;408.4
36990.0;407.9
37000.0;406.29999999999995
37010.0;410.59999999999997
37020.0;405.4
37030.0;407.79999999999995
37040.0;5775.0
37050.0;401.9
37060.0;404.4
37070.0;405.0
37080.0;403.59999999999997
37090.0;405.9
37100.0;404.0
37110.0;403.0
37120.0;412.2
37130.0;403.79999999999995
37140.0;406.59999999999997
37150.0;407.2
37160.0;411.5
37170.0;405.7
37180.0;407.5
37190.0;404.4
37200.0;402.4
37210.0;406.29999999999995
37220.0;408.9
37230.0;402.9
37240.0;406.7
37250.0;406.29999999999995
37260.0;401.09999999999997
37270.0;407.0
37280.0;408.9
37290.0;406.9
37300.0;406.9
37310.0;409.59999999999997
37320.0;402.0
37330.0;409.7
37340.0;403.29999999999995
37350.0;404.5
37360.0;406.4
37370.0;402.29999999999995
37380.0;403.7
37390.0;409.2
37400.0;409.59999999999997
37410.0;408.7
37420.0;405.2
37430.0;400.9
37440.0;402.09999999999997
37450.0;403.2
37460.0;402.5
37470.0;406.2
37480.0;406.09999999999997
37490.0;403.0
37500.0;408.0
37510.0;409.7
37520.0;408.2
37530.0;406.79999999999995
37540.0;404.0
37550.0;403.5
37560.0;402.79999999999995
37570.0;404.7
37580.0;402.9
37590.0;404.7
37600.0;406.5
37610.0;406.09999999999997
37620.0;403.7
37630.0;406.5
37640.0;404.0
37650.0;404.29999999999995
37660.0;400.7
37670.0;406.5
37680.0;405.0
37690.0;409.0
37700.0;10140.0
37710.0;405.29999999999995
37720.0;403.0
37730.0;404.5
37740.0;403.0
37750.0;402.5
37760.0;402.09999999999997
37770.0;403.9
37780.0;405.2
37790.0;406.59999999999997
37800.0;5026.0
37810.0;403.09999999999997
37820.0;400.4
37830.0;404.7
37840.0;406.2
37850.0;406.7
37860.0;407.2
37870.0;409.5
37880.0;402.5
37890.0;10130.0
37900.0;404.79999999999995
37910.0;402.2
37920.0;405.59999999999997
37930.0;400.0
37940.0;409.4
37950.0;402.4
37960.0;406.7
37970.0;408.79999999999995
37980.0;10110.0
37990.0;404.9
38000.0;406.0
38010.0;400.09999999999997
38020.0;400.79999999999995
38030.0;402.2
38040.0;403.7
38050.0;407.79999999999995
38060.0;402.29999999999995
38070.0;400.9
38080.0;403.0
38090.0;403.59999999999997
38100.0;402.0
38110.0;405.9
38120.0;403.5
38130.0;401.29999999999995
38140.0;402.79999999999995
38150.0;403.29999999999995
38160.0;404.4
38170.0;403.2
38180.0;404.09999999999997
38190.0;404.09999999999997
38200.0;405.09999999999997
38210.0;403.0
38220.0;408.29999999999995
38230.0;407.29999999999995
38240.0;408.4
38250.0;408.9
38260.0;405.59999999999997
38270.0;414.5
38280.0;404.0
38290.0;401.7
38300.0;403.9
38310.0;408.2
38320.0;402.4
38330.0;403.09999999999997
38340.0;409.09999999999997
38350.0;413.29999999999995
38360.0;403.79999999999995
38370.0;400.29999999999995
38380.0;410.9
38390.0;402.59999999999997
38400.0;406.29999999999995
38410.0;402.79999999999995
38420.0;403.79999999999995
38430.0;411.29999999999995
38440.0;401.29999999999995
38450.0;406.29999999999995
38460.0;403.79999999999995
38470.0;400.7
38480.0;405.79999999999995
38490.0;408.59999999999997
38500.0;406.59999999999997
38510.0;405.59999999999997
38520.0;405.9
38530.0;406.9
38540.0;405.29999999999995
38550.0;5299.0
38560.0;400.7
38570.0;404.79999999999995
38580.0;404.2
38590.0;402.0
38600.0;403.5
38610.0;405.5
38620.0;402.5
38630.0;409.0
38640.0;400.2
38650.0;5154.0
38660.0;404.7
38670.0;404.2
38680.0;403.0
38690.0;404.29999999999995
38700.0;404.7
38710.0;405.4
38720.0;402.7
38730.0;407.29999999999995
38740.0;5178.0
38750.0;408.09999999999997
38760.0;404.2
38770.0;402.2
38780.0;404.29999999999995
38790.0;404.09999999999997
38800.0;405.79999999999995
38810.0;403.9
38820.0;404.0
38830.0;403.59999999999997
38840.0;411.09999999999997
38850.0;407.5
38860.0;402.5
38870.0;405.09999999999997
38880.0;406.5
38890.0;404.09999999999997
38900.0;404.4
38910.0;404.7
38920.0;408.9
38930.0;406.79999999999995
38940.0;402.29999999999995
38950.0;406.0
38960.0;404.7
38970.0;406.0
38980.0;401.4
38990.0;406.9
39000.0;400.2
39010.0;404.2
39020.0;406.4
39030.0;409.7
39040.0;403.5
39050.0;404.4
39060.0;404.4
39070.0;406.09999999999997
39080.0;403.5
39090.0;402.79999999999995
39100.0;402.59999999999997
39110.0;405.2
39120.0;4866.0
39130.0;405.59999999999997
39140.0;412.79999999999995
39150.0;403.9
39160.0;401.79999999999995
39170.0;401.09999999999997
39180.0;406.29999999999995
39190.0;406.29999999999995
39200.0;403.79999999999995
39210.0;10200.0
39220.0;401.4
39230.0;401.0
39240.0;406.09999999999997
39250.0;408.7
39260.0;407.09999999999997
39270.0;404.29999999999995
39280.0;404.29999999999995
39290.0;405.7
39300.0;407.5
39310.0;10300.0
39320.0;411.4
39330.0;408.09999999999997
39340.0;411.79999999999995
39350.0;405.29999999999995
39360.0;409.59999999999997
39370.0;409.0
39380.0;412.59999999999997
39390.0;406.4
39400.0;10130.0
39410.0;411.79999999999995
39420.0;405.7
39430.0;407.2
39440.0;403.29999999999995
39450.0;404.09999999999997
39460.0;403.2
39470.0;405.7
39480.0;406.4
39490.0;401.09999999999997
39500.0;406.9
39510.0;403.79999999999995
39520.0;405.79999999999995
39530.0;408.5
39540.0;405.79999999999995
39550.0;404.29999999999995
39560.0;407.9
39570.0;403.7
39580.0;408.5
39590.0;407.29999999999995
39600.0;405.7
39610.0;407.79999999999995
39620.0;405.59999999999997
39630.0;405.5
39640.0;403.7
39650.0;406.4
39660.0;405.59999999999997
39670.0;404.2
39680.0;403.59999999999997
39690.0;403.79999999999995
39700.0;400.09999999999997
39710.0;399.9
39720.0;402.0
39730.0;406.9
39740.0;401.09999999999997
39750.0;402.59999999999997
39760.0;400.09999999999997
39770.0;404.0
39780.0;404.79999999999995
39790.0;403.5
39800.0;407.79999999999995
39810.0;400.79999999999995
39820.0;409.5
39830.0;409.4
39840.0;406.7
39850.0;408.2
39860.0;409.5
39870.0;403.09999999999997
39880.0;406.4
39890.0;409.59999999999997
39900.0;403.09999999999997
39910.0;402.0
39920.0;407.59999999999997
39930.0;403.4
39940.0;411.7
39950.0;405.2
39960.0;403.59999999999997
39970.0;408.29999999999995
39980.0;406.9
39990.0;407.09999999999997
40000.0;407.5
40010.0;403.79999999999995
40020.0;411.9
40030.0;407.59999999999997
40040.0;410.09999999999997
40050.0;406.0
40060.0;2772.0
40070.0;406.5
40080.0;406.79999999999995
40090.0;406.5
40100.0;407.0
40110.0;403.2
40120.0;405.59999999999997
40130.0;405.4
40140.0;402.5
40150.0;403.0
40160.0;8616.0
40170.0;403.0
40180.0;402.7
40190.0;404.5
40200.0;403.9
40210.0;404.2
40220.0;400.79999999999995
40230.0;403.7
40240.0;401.79999999999995
40250.0;413.0
40260.0;408.7
40270.0;400.9
40280.0;401.5
40290.0;407.29999999999995
40300.0;405.4
40310.0;404.0
40320.0;405.09999999999997
40330.0;400.7
40340.0;407.9
40350.0;413.29999999999995
40360.0;404.29999999999995
40370.0;404.7
40380.0;404.7
40390.0;407.2
40400.0;405.79999999999995
40410.0;407.29999999999995
40420.0;402.9
40430.0;406.2
40440.0;403.4
40450.0;409.5
40460.0;404.0
40470.0;408.29999999999995
40480.0;407.2
40490.0;407.9
40500.0;408.2
40510.0;405.79999999999995
40520.0;403.9
40530.0;402.29999999999995
40540.0;5617.0
40550.0;408.9
40560.0;406.7
40570.0;404.79999999999995
40580.0;407.9
40590.0;412.29999999999995
40600.0;408.4
40610.0;405.09999999999997
40620.0;402.2
40630.0;404.79999999999995
40640.0;402.2
40650.0;407.9
40660.0;402.0
40670.0;408.7
40680.0;410.4
40690.0;402.59999999999997
40700.0;404.59999999999997
40710.0;406.9
40720.0;403.9
40730.0;10700.0
40740.0;406.9
40750.0;406.9
40760.0;407.79999999999995
40770.0;404.0
40780.0;402.59999999999997
40790.0;401.2
40800.0;404.7
40810.0;400.7
40820.0;401.0
40830.0;415.7
40840.0;400.29999999999995
40850.0;403.2
40860.0;403.29999999999995
40870.0;403.09999999999997
40880.0;403.09999999999997
40890.0;402.2
40900.0;401.2
40910.0;401.4
40920.0;10700.0
40930.0;402.79999999999995
40940.0;400.2
40950.0;405.59999999999997
40960.0;400.0
40970.0;404.2
40980.0;400.5
40990.0;401.59999999999997
41000.0;405.0
41010.0;404.7
41020.0;405.5
41030.0;411.7
41040.0;404.29999999999995
41050.0;404.59999999999997
41060.0;402.7
41070.0;404.2
41080.0;403.7
41090.0;402.0
41100.0;404.59999999999997
41110.0;404.4
41120.0;407.4
41130.0;405.9
41140.0;409.09999999999997
41150.0;405.2
41160.0;405.5
41170.0;403.4
41180.0;405.09999999999997
41190.0;401.59999999999997
41200.0;409.79999999999995
41210.0;406.59999999999997
41220.0;402.09999999999997
41230.0;405.59999999999997
41240.0;403.09999999999997
41250.0;408.4
41260.0;410.5
41270.0;403.59999999999997
41280.0;404.0
41290.0;405.7
41300.0;408.2
41310.0;404.9
41320.0;408.7
41330.0;409.9
41340.0;408.7
41350.0;410.0
41360.0;406.09999999999997
41370.0;406.9
41380.0;407.5
41390.0;404.5
41400.0;409.9
41410.0;404.79999999999995
41420.0;406.9
41430.0;406.09999999999997
41440.0;404.5
41450.0;411.79999999999995
41460.0;407.59999999999997
41470.0;402.29999999999995
41480.0;405.0
41490.0;409.0
41500.0;404.7
41510.0;407.0
41520.0;411.5
41530.0;409.0
41540.0;407.4
41550.0;409.79999999999995
41560.0;407.59999999999997
41570.0;410.7
41580.0;406.2
41590.0;406.09999999999997
41600.0;405.2
41610.0;402.79999999999995
41620.0;400.4
41630.0;406.9
41640.0;407.29999999999995
41650.0;407.09999999999997
41660.0;403.7
41670.0;407.79999999999995
41680.0;2772.0
41690.0;406.7
41700.0;403.4
41710.0;409.9
41720.0;402.79999999999995
41730.0;401.4
41740.0;409.2
41750.0;410.4
41760.0;410.0
41770.0;2783.0
41780.0;411.5
41790.0;400.29999999999995
41800.0;405.5
41810.0;405.9
41820.0;407.2
41830.0;406.29999999999995
41840.0;403.4
41850.0;406.9
41860.0;406.29999999999995
41870.0;405.7
41880.0;409.59999999999997
41890.0;409.79999999999995
41900.0;407.7
41910.0;408.29999999999995
41920.0;406.4
41930.0;403.2
41940.0;403.29999999999995
41950.0;406.09999999999997
41960.0;457.9
41970.0;403.2
41980.0;404.7
41990.0;401.59999999999997
42000.0;406.79999999999995
42010.0;402.2
42020.0;402.9
42030.0;404.79999999999995
42040.0;404.4
42050.0;403.79999999999995
42060.0;5307.0
42070.0;402.79999999999995
42080.0;402.59999999999997
42090.0;404.0
42100.0;406.59999999999997
42110.0;403.29999999999995
42120.0;401.5
42130.0;403.9
42140.0;405.4
42150.0;406.59999999999997
42160.0;5193.0
42170.0;401.9
42180.0;413.2
42190.0;403.2
42200.0;409.7
42210.0;408.0
42220.0;406.79999999999995
42230.0;407.59999999999997
42240.0;406.7
42250.0;408.29999999999995
42260.0;407.79999999999995
42270.0;409.79999999999995
42280.0;407.7
42290.0;410.29999999999995
42300.0;410.7
42310.0;403.9
42320.0;408.4
42330.0;410.7
42340.0;409.0
42350.0;8685.0
42360.0;409.7
42370.0;409.09999999999997
42380.0;404.4
42390.0;409.4
42400.0;406.5
42410.0;407.2
42420.0;407.59999999999997
42430.0;413.29999999999995
42440.0;405.5
42450.0;410.79999999999995
42460.0;407.59999999999997
42470.0;408.5
42480.0;407.59999999999997
42490.0;410.7
42500.0;409.09999999999997
42510.0;407.2
42520.0;405.59999999999997
42530.0;399.4
42540.0;404.0
42550.0;407.4
42560.0;405.7
42570.0;410.59999999999997
42580.0;405.79999999999995
42590.0;405.7
42600.0;407.0
42610.0;410.59999999999997
42620.0;408.5
42630.0;410.79999999999995
42640.0;10260.0
42650.0;404.5
42660.0;405.7
42670.0;408.5
42680.0;402.0
42690.0;409.59999999999997
42700.0;405.2
42710.0;403.09999999999997
42720.0;405.09999999999997
42730.0;401.4
42740.0;411.9
42750.0;407.5
42760.0;401.0
42770.0;404.09999999999997
42780.0;407.4
42790.0;409.7
42800.0;407.09999999999997
42810.0;408.09999999999997
42820.0;402.59999999999997
42830.0;408.59999999999997
42840.0;406.79999999999995
42850.0;403.9
42860.0;408.29999999999995
42870.0;404.29999999999995
42880.0;410.5
42890.0;406.59999999999997
42900.0;405.9
42910.0;404.5
42920.0;406.2
42930.0;411.4
42940.0;408.09999999999997
42950.0;404.2
42960.0;400.29999999999995
42970.0;404.29999999999995
42980.0;406.59999999999997
42990.0;402.5
43000.0;411.5
43010.0;406.7
43020.0;420.0
43030.0;409.79999999999995
43040.0;404.09999999999997
43050.0;401.09999999999997
43060.0;406.0
43070.0;407.29999999999995
43080.0;402.9
43090.0;407.79999999999995
43100.0;408.09999999999997
43110.0;405.09999999999997
43120.0;405.7
43130.0;410.0
43140.0;403.59999999999997
43150.0;406.59999999999997
43160.0;404.79999999999995
43170.0;404.09999999999997
43180.0;405.7
43190.0;405.9
43200.0;403.9
43210.0;408.4
43220.0;406.7
43230.0;403.0
43240.0;409.5
43250.0;404.29999999999995
43260.0;409.0
43270.0;404.4
43280.0;408.29999999999995
43290.0;404.2
43300.0;409.0
43310.0;407.09999999999997
43320.0;402.4
43330.0;405.79999999999995
43340.0;406.0
43350.0;408.0
43360.0;406.0
43370.0;406.29999999999995
43380.0;403.59999999999997
43390.0;402.09999999999997
43400.0;408.5
43410.0;406.0
43420.0;401.59999999999997
43430.0;400.5
43440.0;408.79999999999995
43450.0;404.7
43460.0;409.29999999999995
43470.0;406.5
43480.0;407.09999999999997
43490.0;10230.0
43500.0;403.09999999999997
43510.0;403.2
43520.0;402.9
43530.0;405.4
43540.0;406.4
43550.0;402.7
43560.0;402.79999999999995
43570.0;407.9
43580.0;407.4
43590.0;5017.0
43600.0;410.0
43610.0;405.7
43620.0;405.59999999999997
43630.0;407.29999999999995
43640.0;407.4
43650.0;400.79999999999995
43660.0;398.9
43670.0;407.5
43680.0;412.2
43690.0;406.7
43700.0;406.59999999999997
43710.0;405.09999999999997
43720.0;404.79999999999995
43730.0;401.9
43740.0;408.7
43750.0;409.09999999999997
43760.0;404.29999999999995
43770.0;409.79999999999995
43780.0;3092.0
43790.0;408.4
43800.0;412.7
43810.0;409.29999999999995
43820.0;404.59999999999997
43830.0;406.0
43840.0;409.79999999999995
43850.0;412.7
43860.0;403.59999999999997
43870.0;411.79999999999995
43880.0;5110.0
43890.0;405.4
43900.0;402.2
43910.0;407.7
43920.0;402.9
43930.0;404.29999999999995
43940.0;412.9
43950.0;407.79999999999995
43960.0;407.59999999999997
43970.0;406.0
43980.0;410.2
43990.0;406.59999999999997
44000.0;408.79999999999995
44010.0;408.9
44020.0;412.4
44030.0;404.2
44040.0;407.59999999999997
44050.0;404.2
44060.0;405.59999999999997
44070.0;5309.0
44080.0;407.7
44090.0;409.59999999999997
44100.0;409.5
44110.0;409.79999999999995
44120.0;407.0
44130.0;404.29999999999995
44140.0;408.5
44150.0;406.5
44160.0;408.9
44170.0;10700.0
44180.0;405.9
44190.0;402.09999999999997
44200.0;405.5
44210.0;406.2
44220.0;408.9
44230.0;405.4
44240.0;405.9
44250.0;403.0
44260.0;406.9
44270.0;10730.0
44280.0;404.09999999999997
44290.0;404.4
44300.0;406.2
44310.0;412.0
44320.0;403.29999999999995
44330.0;409.5
44340.0;408.9
44350.0;406.4
44360.0;10210.0
44370.0;402.59999999999997
44380.0;405.29999999999995
44390.0;408.4
44400.0;409.7
44410.0;403.5
44420.0;406.79999999999995
44430.0;409.2
44440.0;402.59999999999997
44450.0;406.4
44460.0;404.59999999999997
44470.0;408.4
44480.0;409.0
44490.0;406.09999999999997
44500.0;400.7
44510.0;411.4
44520.0;409.4
44530.0;406.29999999999995
44540.0;405.5
44550.0;5855.0
44560.0;403.5
44570.0;407.0
44580.0;405.29999999999995
44590.0;409.79999999999995
44600.0;404.4
44610.0;409.4
44620.0;408.09999999999997
44630.0;412.29999999999995
44640.0;408.5
44650.0;408.29999999999995
44660.0;402.5
44670.0;409.09999999999997
44680.0;410.59999999999997
44690.0;409.5
44700.0;408.4
44710.0;404.29999999999995
44720.0;404.5
44730.0;406.7
44740.0;410.7
44750.0;405.79999999999995
44760.0;405.4
44770.0;405.7
44780.0;406.4
44790.0;407.7
44800.0;404.9
44810.0;409.29999999999995
44820.0;405.09999999999997
44830.0;403.0
44840.0;4487.0
44850.0;410.5
44860.0;408.09999999999997
44870.0;402.5
44880.0;404.5
44890.0;406.79999999999995
44900.0;403.5
44910.0;412.5
44920.0;408.7
44930.0;3044.0
44940.0;405.2
44950.0;403.59999999999997
44960.0;401.29999999999995
44970.0;405.2
44980.0;407.0
44990.0;405.2
45000.0;405.7
45010.0;403.2
45020.0;411.59999999999997
45030.0;410.0
45040.0;407.79999999999995
45050.0;407.29999999999995
45060.0;408.5
45070.0;409.9
45080.0;407.5
45090.0;410.5
45100.0;411.59999999999997
45110.0;412.79999999999995
45120.0;405.59999999999997
45130.0;411.0
45140.0;407.7
45150.0;404.4
45160.0;409.79999999999995
45170.0;403.9
45180.0;405.79999999999995
45190.0;407.79999999999995
45200.0;408.9
45210.0;406.2
45220.0;408.0
45230.0;407.7
45240.0;403.59999999999997
45250.0;404.09999999999997
45260.0;407.79999999999995
45270.0;401.4
45280.0;409.09999999999997
45290.0;409.4
45300.0;10240.0
45310.0;408.79999999999995
45320.0;408.09999999999997
45330.0;407.79999999999995
45340.0;409.5
45350.0;409.7
45360.0;404.9
45370.0;411.59999999999997
45380.0;406.2
45390.0;411.79999999999995
45400.0;412.09999999999997
45410.0;409.5
45420.0;409.79999999999995
45430.0;411.59999999999997
45440.0;410.09999999999997
45450.0;405.79999999999995
45460.0;413.0
45470.0;407.09999999999997
45480.0;412.4
45490.0;10120.0
45500.0;402.4
45510.0;409.4
45520.0;407.4
45530.0;411.9
45540.0;407.2
45550.0;410.4
45560.0;405.9
45570.0;412.9
45580.0;10010.0
45590.0;404.59999999999997
45600.0;408.2
45610.0;408.7
45620.0;407.4
45630.0;409.29999999999995
45640.0;410.0
45650.0;410.29999999999995
45660.0;404.2
45670.0;410.4
45680.0;403.4
45690.0;407.9
45700.0;409.7
45710.0;411.0
45720.0;408.5
45730.0;412.5
45740.0;411.9
45750.0;408.79999999999995
45760.0;410.4
45770.0;413.29999999999995
45780.0;409.5
45790.0;404.29999999999995
45800.0;412.0
45810.0;406.9
45820.0;409.0
45830.0;407.09999999999997
45840.0;405.79999999999995
45850.0;407.7
45860.0;406.59999999999997
45870.0;411.29999999999995
45880.0;411.79999999999995
45890.0;408.79999999999995
45900.0;404.29999999999995
45910.0;409.79999999999995
45920.0;405.5
45930.0;408.5
45940.0;410.0
45950.0;411.79999999999995
45960.0;406.4
45970.0;407.5
45980.0;410.0
45990.0;410.9
46000.0;403.59999999999997
46010.0;410.2
46020.0;409.4
46030.0;408.5
46040.0;409.0
46050.0;10220.0
46060.0;404.5
46070.0;409.9
46080.0;401.9
46090.0;404.4
46100.0;402.4
46110.0;408.29999999999995
46120.0;402.79999999999995
46130.0;402.2
46140.0;403.59999999999997
46150.0;408.79999999999995
46160.0;408.59999999999997
46170.0;409.0
46180.0;404.4
46190.0;403.7
46200.0;409.2
46210.0;410.09999999999997
46220.0;406.5
46230.0;407.2
46240.0;405.7
46250.0;409.0
46260.0;404.59999999999997
46270.0;405.79999999999995
46280.0;408.29999999999995
46290.0;404.4
46300.0;405.09999999999997
46310.0;410.0
46320.0;408.79999999999995
46330.0;402.7
46340.0;404.29999999999995
46350.0;405.0
46360.0;404.0
46370.0;411.0
46380.0;406.09999999999997
46390.0;404.5
46400.0;410.2
46410.0;408.4
46420.0;406.9
46430.0;411.9
46440.0;2777.0
46450.0;409.5
46460.0;406.59999999999997
46470.0;402.09999999999997
46480.0;407.0
46490.0;407.59999999999997
46500.0;406.9
46510.0;412.09999999999997
46520.0;406.9
46530.0;412.7
46540.0;2776.0
46550.0;403.4
46560.0;406.7
46570.0;410.29999999999995
46580.0;402.79999999999995
46590.0;408.79999999999995
46600.0;405.79999999999995
46610.0;402.0
46620.0;409.4
46630.0;408.4
46640.0;10230.0
46650.0;407.5
46660.0;409.4
46670.0;402.2
46680.0;403.09999999999997
46690.0;412.7
46700.0;406.7
46710.0;411.7
46720.0;404.5
46730.0;2770.0
46740.0;407.2
46750.0;405.59999999999997
46760.0;407.59999999999997
46770.0;407.59999999999997
46780.0;402.5
46790.0;409.4
46800.0;404.79999999999995
46810.0;404.79999999999995
46820.0;405.9
46830.0;7270.0
46840.0;406.59999999999997
46850.0;406.59999999999997
46860.0;408.2
46870.0;406.0
46880.0;404.09999999999997
46890.0;406.59999999999997
46900.0;406.2
46910.0;409.59999999999997
46920.0;405.5
46930.0;405.29999999999995
46940.0;404.4
46950.0;407.4
46960.0;400.59999999999997
46970.0;406.5
46980.0;403.9
46990.0;400.79999999999995
47000.0;407.5
47010.0;403.7
47020.0;408.79999999999995
47030.0;404.5
47040.0;406.29999999999995
47050.0;406.9
47060.0;404.9
47070.0;402.79999999999995
47080.0;405.9
47090.0;407.59999999999997
47100.0;405.0
47110.0;408.29999999999995
47120.0;404.09999999999997
47130.0;405.9
47140.0;411.2
47150.0;402.9
47160.0;410.59999999999997
47170.0;406.5
47180.0;407.4
47190.0;403.29999999999995
47200.0;10230.0
47210.0;408.09999999999997
47220.0;400.09999999999997
47230.0;406.09999999999997
47240.0;403.2
47250.0;403.09999999999997
47260.0;402.2
47270.0;403.79999999999995
47280.0;402.9
47290.0;407.5
47300.0;406.09999999999997
47310.0;409.9
47320.0;405.4
47330.0;405.4
47340.0;408.09999999999997
47350.0;407.4
47360.0;409.79999999999995
47370.0;403.4
47380.0;401.09999999999997
47390.0;4454.0
47400.0;403.9
47410.0;404.59999999999997
47420.0;405.59999999999997
47430.0;400.2
47440.0;403.7
47450.0;406.5
47460.0;403.2
47470.0;407.5
47480.0;404.5
47490.0;7380.0
47500.0;409.5
47510.0;403.5
47520.0;407.0
47530.0;401.0
47540.0;406.0
47550.0;410.79999999999995
47560.0;406.79999999999995
47570.0;405.09999999999997
47580.0;405.2
47590.0;408.2
47600.0;404.09999999999997
47610.0;408.0
47620.0;406.79999999999995
47630.0;407.7
47640.0;401.29999999999995
47650.0;403.9
47660.0;400.7
47670.0;406.0
47680.0;407.9
47690.0;407.0
47700.0;412.59999999999997
47710.0;408.2
47720.0;407.5
47730.0;410.7
47740.0;409.09999999999997
47750.0;404.59999999999997
47760.0;408.59999999999997
47770.0;408.79999999999995
47780.0;405.29999999999995
47790.0;408.79999999999995
47800.0;405.59999999999997
47810.0;410.59999999999997
47820.0;409.7
47830.0;407.79999999999995
47840.0;407.0
47850.0;406.7
47860.0;408.0
47870.0;406.29999999999995
47880.0;407.29999999999995
47890.0;409.59999999999997
47900.0;408.2
47910.0;412.9
47920.0;410.7
47930.0;411.9
47940.0;406.79999999999995
47950.0;404.9
47960.0;407.7
47970.0;408.2
47980.0;410.4
47990.0;407.09999999999997
48000.0;408.59999999999997
48010.0;409.2
48020.0;408.79999999999995
48030.0;413.0
48040.0;410.0
48050.0;10290.0
48060.0;413.0
48070.0;407.0
48080.0;406.9
48090.0;408.0
48100.0;409.5
48110.0;410.2
48120.0;405.09999999999997
48130.0;411.0
48140.0;408.9
48150.0;408.4
48160.0;409.79999999999995
48170.0;407.5
48180.0;413.09999999999997
48190.0;405.09999999999997
48200.0;409.7
48210.0;403.59999999999997
48220.0;402.79999999999995
48230.0;404.7
48240.0;403.9
48250.0;407.09999999999997
48260.0;403.79999999999995
48270.0;405.2
48280.0;412.5
48290.0;405.29999999999995
48300.0;405.0
48310.0;407.0
48320.0;408.9
48330.0;6125.0
48340.0;403.4
48350.0;400.4
48360.0;409.29999999999995
48370.0;409.59999999999997
48380.0;409.4
48390.0;408.5
48400.0;410.4
48410.0;410.09999999999997
48420.0;7518.0
48430.0;406.7
48440.0;408.9
48450.0;409.59999999999997
48460.0;406.4
48470.0;412.2
48480.0;411.59999999999997
48490.0;408.79999999999995
48500.0;406.7
48510.0;404.0
48520.0;410.59999999999997
48530.0;406.09999999999997
48540.0;406.7
48550.0;407.9
48560.0;412.2
48570.0;406.29999999999995
48580.0;405.09999999999997
48590.0;407.79999999999995
48600.0;405.5
48610.0;6029.0
48620.0;406.9
48630.0;408.5
48640.0;404.79999999999995
48650.0;407.7
48660.0;405.29999999999995
48670.0;404.9
48680.0;407.79999999999995
48690.0;407.2
48700.0;410.9
48710.0;404.4
48720.0;403.0
48730.0;404.9
48740.0;406.9
48750.0;406.79999999999995
48760.0;412.29999999999995
48770.0;406.7
48780.0;404.0
48790.0;411.0
48800.0;5797.0
48810.0;410.0
48820.0;410.4
48830.0;409.79999999999995
48840.0;409.09999999999997
48850.0;410.79999999999995
48860.0;401.4
48870.0;410.5
48880.0;408.0
48890.0;409.2
48900.0;408.2
48910.0;409.59999999999997
48920.0;408.79999999999995
48930.0;409.29999999999995
48940.0;410.2
48950.0;409.09999999999997
48960.0;404.4
48970.0;405.79999999999995
48980.0;404.9
48990.0;6016.0
49000.0;407.09999999999997
49010.0;406.79999999999995
49020.0;406.79999999999995
49030.0;408.4
49040.0;408.5
49050.0;407.29999999999995
49060.0;406.09999999999997
49070.0;408.9
49080.0;406.79999999999995
49090.0;407.7
49100.0;407.59999999999997
49110.0;407.4
49120.0;403.0
49130.0;402.5
49140.0;407.0
49150.0;405.9
49160.0;410.2
49170.0;409.79999999999995
49180.0;10130.0
49190.0;406.5
49200.0;408.9
49210.0;403.59999999999997
49220.0;409.2
49230.0;411.09999999999997
49240.0;409.79999999999995
49250.0;406.5
49260.0;409.4
49270.0;402.9
49280.0;423.4
49290.0;408.79999999999995
49300.0;411.7
49310.0;407.4
49320.0;408.0
49330.0;405.0
49340.0;407.5
49350.0;407.7
49360.0;406.79999999999995
49370.0;406.9
49380.0;403.59999999999997
49390.0;402.59999999999997
49400.0;409.09999999999997
49410.0;403.0
49420.0;407.2
49430.0;407.29999999999995
49440.0;407.0
49450.0;401.29999999999995
49460.0;403.7
49470.0;2775.0
49480.0;405.7
49490.0;403.09999999999997
49500.0;407.7
49510.0;410.09999999999997
49520.0;405.5
49530.0;406.7
49540.0;405.2
49550.0;404.4
49560.0;404.4
49570.0;408.0
49580.0;405.9
49590.0;407.7
49600.0;402.9
49610.0;405.2
49620.0;411.2
49630.0;406.79999999999995
49640.0;405.0
49650.0;406.7
49660.0;410.4
49670.0;410.79999999999995
49680.0;401.2
49690.0;402.2
49700.0;409.59999999999997
49710.0;406.0
49720.0;406.5
49730.0;404.9
49740.0;403.5
49750.0;409.5
49760.0;404.7
49770.0;406.9
49780.0;405.9
49790.0;406.59999999999997
49800.0;404.0
49810.0;407.79999999999995
49820.0;406.29999999999995
49830.0;405.9
49840.0;401.29999999999995
49850.0;401.2
49860.0;408.09999999999997
49870.0;403.29999999999995
49880.0;411.09999999999997
49890.0;404.9
49900.0;407.4
49910.0;404.7
49920.0;408.29999999999995
49930.0;406.0
49940.0;407.5
49950.0;408.7
49960.0;404.0
49970.0;409.4
49980.0;408.59999999999997
49990.0;408.4
50000.0;402.7
